Command: find /root/lumina-clean-v6 -type f -printf '%s %T+ %p\n' | sort -k3
Directory: (root)
Output: 1810 2026-04-07+23:01:30.9432875670 /root/lumina
-clean-v6/app/429.tsx
2347 2026-04-07+13:59:49.2503006520 /root/lumina
-clean-v6/app/actions.ts
6458 2026-04-07+23:52:06.6992864090 /root/lumina
-clean-v6/app/admin-dashboard/LeadsList.tsx
2354 2026-04-07+21:57:58.9719461080 /root/lumina
-clean-v6/app/admin-dashboard/loading.tsx
27947 2026-04-07+23:06:57.4512874420 /root/lumin
a-clean-v6/app/admin-dashboard/page.tsx
6214 2026-04-06+05:56:02.8190938530 /root/lumina
-clean-v6/app/airbnb/page.tsx
4309 2026-04-07+23:51:38.1392864200 /root/lumina
-clean-v6/app/api/leads/route.ts
842 2026-04-07+23:04:42.2392874940 /root/lumina-
clean-v6/app/api/scraping/linkedin-strata/route.
ts
805 2026-04-06+03:27:46.4118348600 /root/lumina-
clean-v6/app/api/tenders/ndis-bot/route.ts
797 2026-04-07+23:10:33.6992873600 /root/lumina-
clean-v6/app/api/trpc/[trpc]/route.ts
978 2026-04-06+03:27:06.0438348750 /root/lumina-
clean-v6/app/api/vision/ar-measure/route.ts
3431 2026-04-07+23:03:21.6912875250 /root/lumina
-clean-v6/app/api/voice/dispatch/route.ts
3072 2026-04-07+22:59:57.2032876030 /root/lumina
-clean-v6/app/api/webhooks/stripe/route.ts
8789 2026-04-07+16:11:40.9155856500 /root/lumina
-clean-v6/app/booking-confirmation/[jobId]/page.
tsx
7770 2026-04-07+23:10:48.4312873540 /root/lumina
-clean-v6/app/book/page.tsx
3624 2026-04-06+03:24:46.9558349280 /root/lumina
-clean-v6/app/commercial/page.tsx
13105 2026-04-07+16:09:12.7835857070 /root/lumin
a-clean-v6/app/commercial/quote/page.tsx
1069 2026-04-07+14:10:34.8045871230 /root/lumina
-clean-v6/app/components/BookingButton.tsx
13050 2026-04-07+23:09:39.5192873810 /root/lumin
a-clean-v6/app/components/BookingForm.tsx
32620 2026-04-07+23:07:45.5432874240 /root/lumin
a-clean-v6/app/components/HomeClient.tsx
2077 2026-04-07+21:57:30.2719461190 /root/lumina
-clean-v6/app/components/Map.tsx
1106 2026-04-07+15:34:16.8275865060 /root/lumina
-clean-v6/app/components/Reveal.tsx
1277 2026-04-07+23:08:44.7112874020 /root/lumina
-clean-v6/app/components/ThemeProvider.tsx
3917 2026-04-07+15:29:10.8435866230 /root/lumina
-clean-v6/app/components/ToggleSwitch.tsx
668 2026-04-06+10:01:17.5840410120 /root/lumina-
clean-v6/app/emerald/error.tsx
2122 2026-04-07+21:57:53.5359461100 /root/lumina
-clean-v6/app/emerald/loading.tsx
1945 2026-04-07+21:58:03.5199461060 /root/lumina
-clean-v6/app/emerald/not-found.tsx
914 2026-04-07+16:37:38.4763498420 /root/lumina-
clean-v6/app/emerald/page.tsx
436 2026-04-07+23:14:44.7552872640 /root/lumina-
clean-v6/app/emerald/pricing/page.tsx
13092 2026-04-07+23:16:56.4552872140 /root/lumin
a-clean-v6/app/emerald/pricing/PricingClient.tsx
468 2026-04-07+23:35:51.4272867810 /root/lumina-
clean-v6/app/emerald/services/page.tsx
12390 2026-04-07+23:40:14.5272866810 /root/lumin
a-clean-v6/app/emerald/services/ServicesClient.t
sx
1381 2026-04-07+23:44:42.8392865780 /root/lumina
-clean-v6/app/error.tsx
11080 2026-04-07+23:05:01.3152874870 /root/lumin
a-clean-v6/app/globals.css
535 2026-04-07+16:28:28.9955852660 /root/lumina-
clean-v6/app/icon.svg
1954 2026-04-07+16:33:29.8635851510 /root/lumina
-clean-v6/app/layout.tsx
388 2026-04-07+13:59:31.9783006590 /root/lumina-
clean-v6/app/lib/supabase.ts
1357 2026-04-07+13:53:24.0175574760 /root/lumina
-clean-v6/app/lib/validation.ts
419 2026-04-07+23:44:51.4512865750 /root/lumina-
clean-v6/app/loading.tsx
13544 2026-04-07+16:10:00.3915856890 /root/lumin
a-clean-v6/app/ndis/assessment/page.tsx
3531 2026-04-06+03:25:04.6678349210 /root/lumina
-clean-v6/app/ndis/page.tsx
905 2026-04-07+16:28:20.3275852690 /root/lumina-
clean-v6/app/not-found.tsx
11011 2026-04-07+23:05:20.9992874790 /root/lumin
a-clean-v6/app/page.tsx
6568 2026-04-06+05:56:42.7750938380 /root/lumina
-clean-v6/app/real-estate/page.tsx
4942 2026-04-07+23:05:32.1272874750 /root/lumina
-clean-v6/app/residential/ar-scanner/page.tsx
3471 2026-04-07+23:06:58.4552874420 /root/lumina
-clean-v6/app/residential/page.tsx
308 2026-04-07+23:01:17.1112875720 /root/lumina-
clean-v6/app/robots.ts
516 2026-04-07+13:14:27.1169519870 /root/lumina-
clean-v6/app/sign-in/[[...sign-in]]/page.tsx
516 2026-04-07+13:14:34.7249519840 /root/lumina-
clean-v6/app/sign-up/[[...sign-up]]/page.tsx
1638 2026-04-07+23:01:17.1632875720 /root/lumina
-clean-v6/app/sitemap.ts
3471 2026-04-06+03:25:33.4918349100 /root/lumina
-clean-v6/app/strata/page.tsx
14442 2026-04-07+16:10:43.1635856720 /root/lumin
a-clean-v6/app/strata/quote/page.tsx
1772 2026-04-07+23:01:17.2152875720 /root/lumina
-clean-v6/components/error-boundary.tsx
4908 2026-04-07+23:04:48.2592874920 /root/lumina
-clean-v6/components/navigation.tsx
11463 2026-04-07+23:00:52.9832875820 /root/lumin
a-clean-v6/components/pricing-calculator.tsx
5090 2026-04-07+11:59:37.0037435570 /root/lumina
-clean-v6/components/testimonials-section.tsx
1604 2026-04-06+03:19:38.7078350460 /root/lumina
-clean-v6/components/ui/button.tsx
1825 2026-04-06+03:19:59.3758350380 /root/lumina
-clean-v6/components/ui/tabs.tsx
582 2026-04-06+03:20:32.9478350250 /root/lumina-
clean-v6/components/ui/toaster.tsx
2812 2026-04-06+03:20:17.6958350310 /root/lumina
-clean-v6/components/ui/toast.tsx
1160 2026-04-07+22:59:57.2712876030 /root/lumina
-clean-v6/db/index.ts
3976 2026-04-07+16:25:02.5915853450 /root/lumina
-clean-v6/db/schema.ts
4886 2026-04-07+12:21:06.3243359690 /root/lumina
-clean-v6/DEPLOYMENT_CHECKLIST.md
5681 2026-04-07+22:47:23.1192878900 /root/lumina
-clean-v6/DEVELOPMENT_SUMMARY.md
780 2026-04-06+03:17:41.8998350900 /root/lumina-
clean-v6/.env.example
919 2026-04-07+15:10:29.7835870510 /root/lumina-
clean-v6/.env.local
557 2026-04-07+13:59:58.5783006490 /root/lumina-
clean-v6/.env.local.example
139 2026-04-07+23:51:41.1152864190 /root/lumina-
clean-v6/.git/COMMIT_EDITMSG
397 2026-04-07+14:17:45.0965869590 /root/lumina-
clean-v6/.git/config
73 2026-04-06+03:45:23.5438344560 /root/lumina-c
lean-v6/.git/description
23 2026-04-06+03:45:23.5718344560 /root/lumina-c
lean-v6/.git/HEAD
478 2026-04-06+03:45:23.5478344560 /root/lumina-
clean-v6/.git/hooks/applypatch-msg.sample
896 2026-04-06+03:45:23.5478344560 /root/lumina-
clean-v6/.git/hooks/commit-msg.sample
4726 2026-04-06+03:45:23.5478344560 /root/lumina
-clean-v6/.git/hooks/fsmonitor-watchman.sample
189 2026-04-06+03:45:23.5478344560 /root/lumina-
clean-v6/.git/hooks/post-update.sample
424 2026-04-06+03:45:23.5478344560 /root/lumina-
clean-v6/.git/hooks/pre-applypatch.sample
1649 2026-04-06+03:45:23.5518344560 /root/lumina
-clean-v6/.git/hooks/pre-commit.sample
416 2026-04-06+03:45:23.5518344560 /root/lumina-
clean-v6/.git/hooks/pre-merge-commit.sample
1492 2026-04-06+03:45:23.5518344560 /root/lumina
-clean-v6/.git/hooks/prepare-commit-msg.sample
1374 2026-04-06+03:45:23.5518344560 /root/lumina
-clean-v6/.git/hooks/pre-push.sample
4898 2026-04-06+03:45:23.5518344560 /root/lumina
-clean-v6/.git/hooks/pre-rebase.sample
544 2026-04-06+03:45:23.5518344560 /root/lumina-
clean-v6/.git/hooks/pre-receive.sample
2783 2026-04-06+03:45:23.5558344560 /root/lumina
-clean-v6/.git/hooks/push-to-checkout.sample
2308 2026-04-06+03:45:23.5558344560 /root/lumina
-clean-v6/.git/hooks/sendemail-validate.sample
3650 2026-04-06+03:45:23.5558344560 /root/lumina
-clean-v6/.git/hooks/update.sample
427 2026-04-07+23:06:02.9512874630 /root/lumina-
clean-v6/.gitignore
9549 2026-04-07+23:51:41.1032864190 /root/lumina
-clean-v6/.git/index
240 2026-04-06+03:45:23.5558344560 /root/lumina-
clean-v6/.git/info/exclude
10418 2026-04-07+23:51:41.1232864190 /root/lumin
a-clean-v6/.git/logs/HEAD
10418 2026-04-07+23:51:41.1232864190 /root/lumin
a-clean-v6/.git/logs/refs/heads/master
7009 2026-04-07+23:44:57.7152865730 /root/lumina
-clean-v6/.git/logs/refs/remotes/origin/master
41 2026-04-07+23:51:41.1232864190 /root/lumina-c
lean-v6/.git/refs/heads/master
41 2026-04-07+23:44:57.7152865730 /root/lumina-c
lean-v6/.git/refs/remotes/origin/master
3114 2026-04-07+23:05:51.9592874670 /root/lumina
-clean-v6/lib/ai-agents/graph-rag.ts
2303 2026-04-06+03:28:17.9118348480 /root/lumina
-clean-v6/lib/ai-agents/rag-dispatch.ts
5071 2026-04-07+23:51:17.8952864280 /root/lumina
-clean-v6/lib/email.ts
742 2026-04-06+03:20:25.1438350280 /root/lumina-
clean-v6/lib/hooks/use-toast.ts
2259 2026-04-07+22:59:57.3312876030 /root/lumina
-clean-v6/lib/kafka.ts
2873 2026-04-07+23:00:52.8392875820 /root/lumina
-clean-v6/lib/pricing.ts
1585 2026-04-07+22:59:36.0632876110 /root/lumina
-clean-v6/lib/rate-limit.ts
167 2026-04-07+12:14:17.6563361250 /root/lumina-
clean-v6/lib/trpc/client.ts
930 2026-04-06+03:18:56.4278350620 /root/lumina-
clean-v6/lib/trpc/react.tsx
5384 2026-04-07+23:08:44.5552874020 /root/lumina
-clean-v6/lib/trpc/server.ts
169 2026-04-06+03:19:23.6478350520 /root/lumina-
clean-v6/lib/utils.ts
3292 2026-04-07+22:59:35.7512876110 /root/lumina
-clean-v6/middleware.ts
14279 2026-04-07+23:49:36.7192864660 /root/lumin
a-clean-v6/.next/app-build-manifest.json
1343 2026-04-07+23:50:00.4232864570 /root/lumina
-clean-v6/.next/app-path-routes-manifest.json
21 2026-04-07+23:50:05.0192864550 /root/lumina-c
lean-v6/.next/BUILD_ID
996 2026-04-07+23:49:36.7232864660 /root/lumina-
clean-v6/.next/build-manifest.json
262 2026-04-07+23:43:07.1752866150 /root/lumina-
clean-v6/.next/cache/.previewinfo
102 2026-04-07+23:43:07.0632866150 /root/lumina-
clean-v6/.next/cache/.rscinfo
2862657 2026-04-07+23:49:51.9272864600 /root/lum
ina-clean-v6/.next/cache/.tsbuildinfo
43133139 2026-04-07+23:48:30.7072864910 /root/lu
mina-clean-v6/.next/cache/webpack/client-product
ion/0.pack
94803986 2026-04-07+23:49:18.0392864730 /root/lu
mina-clean-v6/.next/cache/webpack/client-product
ion/1.pack
13732824 2026-04-07+23:47:01.8872865250 /root/lu
mina-clean-v6/.next/cache/webpack/client-product
ion/2.pack
4280 2026-04-07+23:49:18.0312864730 /root/lumina
-clean-v6/.next/cache/webpack/client-production/
3.pack
37847 2026-04-07+23:48:30.7072864910 /root/lumin
a-clean-v6/.next/cache/webpack/client-production
/4.pack
3846 2026-04-07+23:49:36.9352864660 /root/lumina
-clean-v6/.next/cache/webpack/client-production/
5.pack
253510 2026-04-07+23:49:18.0312864730 /root/lumi
na-clean-v6/.next/cache/webpack/client-productio
n/6.pack
20404 2026-04-07+23:49:36.9352864660 /root/lumin
a-clean-v6/.next/cache/webpack/client-production
/7.pack
23375317 2026-04-07+23:49:36.9352864660 /root/lu
mina-clean-v6/.next/cache/webpack/client-product
ion/index.pack
23374840 2026-04-07+23:49:18.0352864730 /root/lu
mina-clean-v6/.next/cache/webpack/client-product
ion/index.pack.old
23854553 2026-04-07+23:43:50.0872865980 /root/lu
mina-clean-v6/.next/cache/webpack/edge-server-pr
oduction/0.pack
2086105 2026-04-07+23:43:50.0832865980 /root/lum
ina-clean-v6/.next/cache/webpack/edge-server-pro
duction/index.pack
133064585 2026-04-07+23:46:39.0192865340 /root/l
umina-clean-v6/.next/cache/webpack/server-produc
tion/0.pack
46047393 2026-04-07+23:49:03.0832864790 /root/lu
mina-clean-v6/.next/cache/webpack/server-product
ion/1.pack
38768235 2026-04-07+23:46:38.4432865340 /root/lu
mina-clean-v6/.next/cache/webpack/server-product
ion/2.pack
10226 2026-04-07+23:48:20.3752864950 /root/lumin
a-clean-v6/.next/cache/webpack/server-production
/3.pack
18975263 2026-04-07+23:49:22.6512864720 /root/lu
mina-clean-v6/.next/cache/webpack/server-product
ion/4.pack
37698207 2026-04-07+23:49:22.6472864720 /root/lu
mina-clean-v6/.next/cache/webpack/server-product
ion/index.pack
37698207 2026-04-07+23:49:03.0872864790 /root/lu
mina-clean-v6/.next/cache/webpack/server-product
ion/index.pack.old
2400 2026-04-07+23:04:06.3832875080 /root/lumina
-clean-v6/next.config.ts
93 2026-04-07+23:50:06.8152864550 /root/lumina-c
lean-v6/.next/diagnostics/build-diagnostics.json
37 2026-04-07+23:49:05.9192864780 /root/lumina-c
lean-v6/.next/diagnostics/framework.json
262 2026-04-07+12:09:52.4401076380 /root/lumina-
clean-v6/next-env.d.ts
111 2026-04-07+23:50:16.7432864510 /root/lumina-
clean-v6/.next/export-marker.json
1772 2026-04-07+23:50:16.4712864510 /root/lumina
-clean-v6/.next/images-manifest.json
16418 2026-04-07+23:50:44.7912864400 /root/lumin
a-clean-v6/.next/next-minimal-server.js.nft.json
90100 2026-04-07+23:50:44.7912864400 /root/lumin
a-clean-v6/.next/next-server.js.nft.json
20 2026-04-07+23:49:05.9152864780 /root/lumina-c
lean-v6/.next/package.json
13410 2026-04-07+23:50:15.8832864510 /root/lumin
a-clean-v6/.next/prerender-manifest.json
1587 2026-04-07+23:49:17.6672864730 /root/lumina
-clean-v6/.next/react-loadable-manifest.json
9601 2026-04-07+23:50:05.0832864550 /root/lumina
-clean-v6/.next/required-server-files.json
6395 2026-04-07+23:50:15.5192864510 /root/lumina
-clean-v6/.next/routes-manifest.json
47641 2026-04-07+23:50:12.9832864520 /root/lumin
a-clean-v6/.next/server/app/admin-dashboard.html
205 2026-04-07+23:50:12.9832864520 /root/lumina-
clean-v6/.next/server/app/admin-dashboard.meta
16876 2026-04-07+23:49:36.7752864660 /root/lumin
a-clean-v6/.next/server/app/admin-dashboard/page
_client-reference-manifest.js
44492 2026-04-07+23:49:22.3272864720 /root/lumin
a-clean-v6/.next/server/app/admin-dashboard/page
.js
7523 2026-04-07+23:50:44.7512864400 /root/lumina
-clean-v6/.next/server/app/admin-dashboard/page.
js.nft.json
9770 2026-04-07+23:50:12.9832864520 /root/lumina
-clean-v6/.next/server/app/admin-dashboard.rsc
29355 2026-04-07+23:50:12.9832864520 /root/lumin
a-clean-v6/.next/server/app/airbnb.html
178 2026-04-07+23:50:12.9832864520 /root/lumina-
clean-v6/.next/server/app/airbnb.meta
16795 2026-04-07+23:49:36.7792864660 /root/lumin
a-clean-v6/.next/server/app/airbnb/page_client-r
eference-manifest.js
27045 2026-04-07+23:49:22.3432864720 /root/lumin
a-clean-v6/.next/server/app/airbnb/page.js
7546 2026-04-07+23:50:44.7512864400 /root/lumina
-clean-v6/.next/server/app/airbnb/page.js.nft.js
on
6643 2026-04-07+23:50:12.9832864520 /root/lumina
-clean-v6/.next/server/app/airbnb.rsc
16649 2026-04-07+23:49:36.7752864660 /root/lumin
a-clean-v6/.next/server/app/api/leads/route_clie
nt-reference-manifest.js
13239 2026-04-07+23:49:22.3232864720 /root/lumin
a-clean-v6/.next/server/app/api/leads/route.js
7604 2026-04-07+23:50:44.7512864400 /root/lumina
-clean-v6/.next/server/app/api/leads/route.js.nf
t.json
16687 2026-04-07+23:49:36.7752864660 /root/lumin
a-clean-v6/.next/server/app/api/scraping/linkedi
n-strata/route_client-reference-manifest.js
6882 2026-04-07+23:49:22.3232864720 /root/lumina
-clean-v6/.next/server/app/api/scraping/linkedin
-strata/route.js
7712 2026-04-07+23:50:44.7512864400 /root/lumina
-clean-v6/.next/server/app/api/scraping/linkedin
-strata/route.js.nft.json
16671 2026-04-07+23:49:36.7752864660 /root/lumin
a-clean-v6/.next/server/app/api/tenders/ndis-bot
/route_client-reference-manifest.js
7122 2026-04-07+23:49:22.3232864720 /root/lumina
-clean-v6/.next/server/app/api/tenders/ndis-bot/
route.js
7712 2026-04-07+23:50:44.7512864400 /root/lumina
-clean-v6/.next/server/app/api/tenders/ndis-bot/
route.js.nft.json
16661 2026-04-07+23:49:36.7752864660 /root/lumin
a-clean-v6/.next/server/app/api/trpc/[trpc]/rout
e_client-reference-manifest.js
87734 2026-04-07+23:49:22.3232864720 /root/lumin
a-clean-v6/.next/server/app/api/trpc/[trpc]/rout
e.js
7856 2026-04-07+23:50:44.7512864400 /root/lumina
-clean-v6/.next/server/app/api/trpc/[trpc]/route
.js.nft.json
16673 2026-04-07+23:49:36.7752864660 /root/lumin
a-clean-v6/.next/server/app/api/vision/ar-measur
e/route_client-reference-manifest.js
7222 2026-04-07+23:49:22.3232864720 /root/lumina
-clean-v6/.next/server/app/api/vision/ar-measure
/route.js
7741 2026-04-07+23:50:44.7512864400 /root/lumina
-clean-v6/.next/server/app/api/vision/ar-measure
/route.js.nft.json
16667 2026-04-07+23:49:36.7752864660 /root/lumin
a-clean-v6/.next/server/app/api/voice/dispatch/r
oute_client-reference-manifest.js
11286 2026-04-07+23:49:22.3232864720 /root/lumin
a-clean-v6/.next/server/app/api/voice/dispatch/r
oute.js
7798 2026-04-07+23:50:44.7512864400 /root/lumina
-clean-v6/.next/server/app/api/voice/dispatch/ro
ute.js.nft.json
16669 2026-04-07+23:49:36.7752864660 /root/lumin
a-clean-v6/.next/server/app/api/webhooks/stripe/
route_client-reference-manifest.js
12322 2026-04-07+23:49:22.3232864720 /root/lumin
a-clean-v6/.next/server/app/api/webhooks/stripe/
route.js
7768 2026-04-07+23:50:44.7512864400 /root/lumina
-clean-v6/.next/server/app/api/webhooks/stripe/r
oute.js.nft.json
15379 2026-04-07+23:50:12.9832864520 /root/lumin
a-clean-v6/.next/server/app/book.html
16865 2026-04-07+23:49:36.7792864660 /root/lumin
a-clean-v6/.next/server/app/booking-confirmation
/[jobId]/page_client-reference-manifest.js
27522 2026-04-07+23:49:22.3432864720 /root/lumin
a-clean-v6/.next/server/app/booking-confirmation
/[jobId]/page.js
7711 2026-04-07+23:50:44.7512864400 /root/lumina
-clean-v6/.next/server/app/booking-confirmation/
[jobId]/page.js.nft.json
172 2026-04-07+23:50:12.9832864520 /root/lumina-
clean-v6/.next/server/app/book.meta
16885 2026-04-07+23:49:36.8152864660 /root/lumin
a-clean-v6/.next/server/app/book/page_client-ref
erence-manifest.js
27487 2026-04-07+23:49:22.3432864720 /root/lumin
a-clean-v6/.next/server/app/book/page.js
7546 2026-04-07+23:50:44.7512864400 /root/lumina
-clean-v6/.next/server/app/book/page.js.nft.json
6731 2026-04-07+23:50:12.9832864520 /root/lumina
-clean-v6/.next/server/app/book.rsc
22750 2026-04-07+23:50:12.9832864520 /root/lumin
a-clean-v6/.next/server/app/commercial.html
190 2026-04-07+23:50:12.9832864520 /root/lumina-
clean-v6/.next/server/app/commercial.meta
16807 2026-04-07+23:49:36.7792864660 /root/lumin
a-clean-v6/.next/server/app/commercial/page_clie
nt-reference-manifest.js
25349 2026-04-07+23:49:22.3432864720 /root/lumin
a-clean-v6/.next/server/app/commercial/page.js
7546 2026-04-07+23:50:44.7512864400 /root/lumina
-clean-v6/.next/server/app/commercial/page.js.nf
t.json
29220 2026-04-07+23:50:12.9832864520 /root/lumin
a-clean-v6/.next/server/app/commercial/quote.htm
l
232 2026-04-07+23:50:12.9872864520 /root/lumina-
clean-v6/.next/server/app/commercial/quote.meta
17030 2026-04-07+23:49:36.7792864660 /root/lumin
a-clean-v6/.next/server/app/commercial/quote/pag
e_client-reference-manifest.js
31772 2026-04-07+23:49:22.3432864720 /root/lumin
a-clean-v6/.next/server/app/commercial/quote/pag
e.js
7711 2026-04-07+23:50:44.7512864400 /root/lumina
-clean-v6/.next/server/app/commercial/quote/page
.js.nft.json
7071 2026-04-07+23:50:12.9832864520 /root/lumina
-clean-v6/.next/server/app/commercial/quote.rsc
6659 2026-04-07+23:50:12.9832864520 /root/lumina
-clean-v6/.next/server/app/commercial.rsc
67620 2026-04-07+23:50:13.0752864520 /root/lumin
a-clean-v6/.next/server/app/emerald.html
181 2026-04-07+23:50:13.0752864520 /root/lumina-
clean-v6/.next/server/app/emerald.meta
17161 2026-04-07+23:49:36.8272864660 /root/lumin
a-clean-v6/.next/server/app/emerald/page_client-
reference-manifest.js
45896 2026-04-07+23:49:22.3432864720 /root/lumin
a-clean-v6/.next/server/app/emerald/page.js
7617 2026-04-07+23:50:44.7552864400 /root/lumina
-clean-v6/.next/server/app/emerald/page.js.nft.j
son
46846 2026-04-07+23:50:13.0792864520 /root/lumin
a-clean-v6/.next/server/app/emerald/pricing.html
226 2026-04-07+23:50:13.0792864520 /root/lumina-
clean-v6/.next/server/app/emerald/pricing.meta
17484 2026-04-07+23:49:36.8272864660 /root/lumin
a-clean-v6/.next/server/app/emerald/pricing/page
_client-reference-manifest.js
30874 2026-04-07+23:49:22.3432864720 /root/lumin
a-clean-v6/.next/server/app/emerald/pricing/page
.js
7766 2026-04-07+23:50:44.7552864400 /root/lumina
-clean-v6/.next/server/app/emerald/pricing/page.
js.nft.json
11932 2026-04-07+23:50:13.0792864520 /root/lumin
a-clean-v6/.next/server/app/emerald/pricing.rsc
11968 2026-04-07+23:50:13.0752864520 /root/lumin
a-clean-v6/.next/server/app/emerald.rsc
53483 2026-04-07+23:50:13.0752864520 /root/lumin
a-clean-v6/.next/server/app/emerald/services.htm
l
229 2026-04-07+23:50:13.0752864520 /root/lumina-
clean-v6/.next/server/app/emerald/services.meta
17583 2026-04-07+23:49:36.8272864660 /root/lumin
a-clean-v6/.next/server/app/emerald/services/pag
e_client-reference-manifest.js
27528 2026-04-07+23:49:22.3432864720 /root/lumin
a-clean-v6/.next/server/app/emerald/services/pag
e.js
7791 2026-04-07+23:50:44.7552864400 /root/lumina
-clean-v6/.next/server/app/emerald/services/page
.js.nft.json
12060 2026-04-07+23:50:13.0672864520 /root/lumin
a-clean-v6/.next/server/app/emerald/services.rsc
535 2026-04-07+23:50:13.0632864520 /root/lumina-
clean-v6/.next/server/app/icon.svg.body
218 2026-04-07+23:50:13.0632864520 /root/lumina-
clean-v6/.next/server/app/icon.svg.meta
7428 2026-04-07+23:49:22.3272864720 /root/lumina
-clean-v6/.next/server/app/icon.svg/route.js
7357 2026-04-07+23:50:44.7512864400 /root/lumina
-clean-v6/.next/server/app/icon.svg/route.js.nft
.json
65244 2026-04-07+23:50:12.6552864520 /root/lumin
a-clean-v6/.next/server/app/index.html
145 2026-04-07+23:50:12.6552864520 /root/lumina-
clean-v6/.next/server/app/index.meta
6430 2026-04-07+23:50:12.6552864520 /root/lumina
-clean-v6/.next/server/app/index.rsc
30409 2026-04-07+23:50:12.6472864530 /root/lumin
a-clean-v6/.next/server/app/ndis/assessment.html
223 2026-04-07+23:50:12.6472864530 /root/lumina-
clean-v6/.next/server/app/ndis/assessment.meta
17015 2026-04-07+23:49:36.8272864660 /root/lumin
a-clean-v6/.next/server/app/ndis/assessment/page
_client-reference-manifest.js
32247 2026-04-07+23:49:22.3512864720 /root/lumin
a-clean-v6/.next/server/app/ndis/assessment/page
.js
7711 2026-04-07+23:50:44.7552864400 /root/lumina
-clean-v6/.next/server/app/ndis/assessment/page.
js.nft.json
7067 2026-04-07+23:50:12.6472864530 /root/lumina
-clean-v6/.next/server/app/ndis/assessment.rsc
23066 2026-04-07+23:50:12.6472864530 /root/lumin
a-clean-v6/.next/server/app/ndis.html
172 2026-04-07+23:50:12.6512864520 /root/lumina-
clean-v6/.next/server/app/ndis.meta
16789 2026-04-07+23:49:36.8152864660 /root/lumin
a-clean-v6/.next/server/app/ndis/page_client-ref
erence-manifest.js
23599 2026-04-07+23:49:22.3432864720 /root/lumin
a-clean-v6/.next/server/app/ndis/page.js
7546 2026-04-07+23:50:44.7512864400 /root/lumina
-clean-v6/.next/server/app/ndis/page.js.nft.json
6635 2026-04-07+23:50:12.6472864530 /root/lumina
-clean-v6/.next/server/app/ndis.rsc
12462 2026-04-07+23:50:13.0832864520 /root/lumin
a-clean-v6/.next/server/app/_not-found.html
207 2026-04-07+23:50:13.0832864520 /root/lumina-
clean-v6/.next/server/app/_not-found.meta
16649 2026-04-07+23:49:36.7752864660 /root/lumin
a-clean-v6/.next/server/app/_not-found/page_clie
nt-reference-manifest.js
15369 2026-04-07+23:49:22.3232864720 /root/lumin
a-clean-v6/.next/server/app/_not-found/page.js
7523 2026-04-07+23:50:44.7512864400 /root/lumina
-clean-v6/.next/server/app/_not-found/page.js.nf
t.json
7133 2026-04-07+23:50:13.0792864520 /root/lumina
-clean-v6/.next/server/app/_not-found.rsc
16591 2026-04-07+23:49:36.8192864660 /root/lumin
a-clean-v6/.next/server/app/page_client-referenc
e-manifest.js
95457 2026-04-07+23:49:22.3432864720 /root/lumin
a-clean-v6/.next/server/app/page.js
7401 2026-04-07+23:50:44.7512864400 /root/lumina
-clean-v6/.next/server/app/page.js.nft.json
1682 2026-04-07+23:49:28.0912864690 /root/lumina
-clean-v6/.next/server/app-paths-manifest.json
29631 2026-04-07+23:50:12.6512864520 /root/lumin
a-clean-v6/.next/server/app/real-estate.html
193 2026-04-07+23:50:12.6552864520 /root/lumina-
clean-v6/.next/server/app/real-estate.meta
16810 2026-04-07+23:49:36.8192864660 /root/lumin
a-clean-v6/.next/server/app/real-estate/page_cli
ent-reference-manifest.js
27073 2026-04-07+23:49:22.3432864720 /root/lumin
a-clean-v6/.next/server/app/real-estate/page.js
7546 2026-04-07+23:50:44.7512864400 /root/lumina
-clean-v6/.next/server/app/real-estate/page.js.n
ft.json
6663 2026-04-07+23:50:12.6512864520 /root/lumina
-clean-v6/.next/server/app/real-estate.rsc
17153 2026-04-07+23:50:12.6552864520 /root/lumin
a-clean-v6/.next/server/app/residential/ar-scann
er.html
251 2026-04-07+23:50:12.6552864520 /root/lumina-
clean-v6/.next/server/app/residential/ar-scanner
.meta
17250 2026-04-07+23:49:36.8192864660 /root/lumin
a-clean-v6/.next/server/app/residential/ar-scann
er/page_client-reference-manifest.js
24681 2026-04-07+23:49:22.3432864720 /root/lumin
a-clean-v6/.next/server/app/residential/ar-scann
er/page.js
7737 2026-04-07+23:50:44.7512864400 /root/lumina
-clean-v6/.next/server/app/residential/ar-scanne
r/page.js.nft.json
7295 2026-04-07+23:50:12.6552864520 /root/lumina
-clean-v6/.next/server/app/residential/ar-scanne
r.rsc
22577 2026-04-07+23:50:12.6632864520 /root/lumin
a-clean-v6/.next/server/app/residential.html
193 2026-04-07+23:50:12.6632864520 /root/lumina-
clean-v6/.next/server/app/residential.meta
16810 2026-04-07+23:49:36.8192864660 /root/lumin
a-clean-v6/.next/server/app/residential/page_cli
ent-reference-manifest.js
23691 2026-04-07+23:49:22.3432864720 /root/lumin
a-clean-v6/.next/server/app/residential/page.js
7546 2026-04-07+23:50:44.7512864400 /root/lumina
-clean-v6/.next/server/app/residential/page.js.n
ft.json
6663 2026-04-07+23:50:12.6632864520 /root/lumina
-clean-v6/.next/server/app/residential.rsc
161 2026-04-07+23:50:12.9632864520 /root/lumina-
clean-v6/.next/server/app/robots.txt.body
206 2026-04-07+23:50:12.9632864520 /root/lumina-
clean-v6/.next/server/app/robots.txt.meta
16651 2026-04-07+23:49:36.7752864660 /root/lumin
a-clean-v6/.next/server/app/robots.txt/route_cli
ent-reference-manifest.js
10982 2026-04-07+23:49:22.3232864720 /root/lumin
a-clean-v6/.next/server/app/robots.txt/route.js
7394 2026-04-07+23:50:44.7512864400 /root/lumina
-clean-v6/.next/server/app/robots.txt/route.js.n
ft.json
17441 2026-04-07+23:49:36.8272864660 /root/lumin
a-clean-v6/.next/server/app/sign-in/[[...sign-in
]]/page_client-reference-manifest.js
17824 2026-04-07+23:49:22.3512864720 /root/lumin
a-clean-v6/.next/server/app/sign-in/[[...sign-in
]]/page.js
7948 2026-04-07+23:50:44.7552864400 /root/lumina
-clean-v6/.next/server/app/sign-in/[[...sign-in]
]/page.js.nft.json
17441 2026-04-07+23:49:36.8272864660 /root/lumin
a-clean-v6/.next/server/app/sign-up/[[...sign-up
]]/page_client-reference-manifest.js
17824 2026-04-07+23:49:22.3472864720 /root/lumin
a-clean-v6/.next/server/app/sign-up/[[...sign-up
]]/page.js
7948 2026-04-07+23:50:44.7552864400 /root/lumina
-clean-v6/.next/server/app/sign-up/[[...sign-up]
]/page.js.nft.json
1976 2026-04-07+23:50:12.4432864530 /root/lumina
-clean-v6/.next/server/app/sitemap.xml.body
214 2026-04-07+23:50:12.4432864530 /root/lumina-
clean-v6/.next/server/app/sitemap.xml.meta
16653 2026-04-07+23:49:36.7752864660 /root/lumin
a-clean-v6/.next/server/app/sitemap.xml/route_cl
ient-reference-manifest.js
12147 2026-04-07+23:49:22.3272864720 /root/lumin
a-clean-v6/.next/server/app/sitemap.xml/route.js
7394 2026-04-07+23:50:44.7512864400 /root/lumina
-clean-v6/.next/server/app/sitemap.xml/route.js.
nft.json
26545 2026-04-07+23:50:12.6632864520 /root/lumin
a-clean-v6/.next/server/app/strata.html
178 2026-04-07+23:50:12.6592864520 /root/lumina-
clean-v6/.next/server/app/strata.meta
16795 2026-04-07+23:49:36.8192864660 /root/lumin
a-clean-v6/.next/server/app/strata/page_client-r
eference-manifest.js
23999 2026-04-07+23:49:22.3432864720 /root/lumin
a-clean-v6/.next/server/app/strata/page.js
7546 2026-04-07+23:50:44.7552864400 /root/lumina
-clean-v6/.next/server/app/strata/page.js.nft.js
on
34177 2026-04-07+23:50:12.6632864520 /root/lumin
a-clean-v6/.next/server/app/strata/quote.html
216 2026-04-07+23:50:12.6632864520 /root/lumina-
clean-v6/.next/server/app/strata/quote.meta
17010 2026-04-07+23:49:36.8192864660 /root/lumin
a-clean-v6/.next/server/app/strata/quote/page_cl
ient-reference-manifest.js
33527 2026-04-07+23:49:22.3432864720 /root/lumin
a-clean-v6/.next/server/app/strata/quote/page.js
7711 2026-04-07+23:50:44.7512864400 /root/lumina
-clean-v6/.next/server/app/strata/quote/page.js.
nft.json
7055 2026-04-07+23:50:12.6672864520 /root/lumina
-clean-v6/.next/server/app/strata/quote.rsc
6643 2026-04-07+23:50:12.6592864520 /root/lumina
-clean-v6/.next/server/app/strata.rsc
6869 2026-04-07+23:49:22.3592864720 /root/lumina
-clean-v6/.next/server/chunks/1476.js
1044 2026-04-07+23:49:22.3472864720 /root/lumina
-clean-v6/.next/server/chunks/1858.js
458697 2026-04-07+23:49:22.3472864720 /root/lumi
na-clean-v6/.next/server/chunks/217.js
16739 2026-04-07+23:49:22.3592864720 /root/lumin
a-clean-v6/.next/server/chunks/234.js
746 2026-04-07+23:49:22.3472864720 /root/lumina-
clean-v6/.next/server/chunks/2607.js
60108 2026-04-07+23:49:22.3552864720 /root/lumin
a-clean-v6/.next/server/chunks/2643.js
16952 2026-04-07+23:49:22.3592864720 /root/lumin
a-clean-v6/.next/server/chunks/379.js
848492 2026-04-07+23:49:22.3552864720 /root/lumi
na-clean-v6/.next/server/chunks/4263.js
265668 2026-04-07+23:49:22.3592864720 /root/lumi
na-clean-v6/.next/server/chunks/4421.js
1900 2026-04-07+23:49:22.3472864720 /root/lumina
-clean-v6/.next/server/chunks/4567.js
144942 2026-04-07+23:49:22.3472864720 /root/lumi
na-clean-v6/.next/server/chunks/4887.js
908 2026-04-07+23:49:22.3472864720 /root/lumina-
clean-v6/.next/server/chunks/4911.js
69021 2026-04-07+23:49:22.3592864720 /root/lumin
a-clean-v6/.next/server/chunks/5335.js
123893 2026-04-07+23:49:22.3592864720 /root/lumi
na-clean-v6/.next/server/chunks/642.js
1474 2026-04-07+23:49:22.3472864720 /root/lumina
-clean-v6/.next/server/chunks/6444.js
113391 2026-04-07+23:49:22.3472864720 /root/lumi
na-clean-v6/.next/server/chunks/6608.js
276206 2026-04-07+23:49:22.3552864720 /root/lumi
na-clean-v6/.next/server/chunks/6939.js
1900 2026-04-07+23:49:22.3472864720 /root/lumina
-clean-v6/.next/server/chunks/6948.js
126922 2026-04-07+23:49:22.3552864720 /root/lumi
na-clean-v6/.next/server/chunks/7363.js
31307 2026-04-07+23:49:22.3512864720 /root/lumin
a-clean-v6/.next/server/chunks/8207.js
1496 2026-04-07+23:49:22.3472864720 /root/lumina
-clean-v6/.next/server/chunks/8830.js
326688 2026-04-07+23:49:22.3592864720 /root/lumi
na-clean-v6/.next/server/chunks/909.js
198027 2026-04-07+23:49:22.3552864720 /root/lumi
na-clean-v6/.next/server/chunks/986.js
11096 2026-04-07+23:49:22.3592864720 /root/lumin
a-clean-v6/.next/server/chunks/999.js
1504 2026-04-07+23:49:07.6232864770 /root/lumina
-clean-v6/.next/server/edge-runtime-webpack.js
6132 2026-04-07+23:49:07.6232864770 /root/lumina
-clean-v6/.next/server/edge-runtime-webpack.js.m
ap
37 2026-04-07+23:50:04.9112864550 /root/lumina-c
lean-v6/.next/server/functions-config-manifest.j
son
48 2026-04-07+23:49:07.6232864770 /root/lumina-c
lean-v6/.next/server/interception-route-rewrite-
manifest.js
922 2026-04-07+23:49:17.6952864730 /root/lumina-
clean-v6/.next/server/middleware-build-manifest.
js
280688 2026-04-07+23:49:07.6232864770 /root/lumi
na-clean-v6/.next/server/middleware.js
1010174 2026-04-07+23:49:07.6232864770 /root/lum
ina-clean-v6/.next/server/middleware.js.map
1092 2026-04-07+23:49:28.1232864690 /root/lumina
-clean-v6/.next/server/middleware-manifest.json
1444 2026-04-07+23:49:17.6872864730 /root/lumina
-clean-v6/.next/server/middleware-react-loadable
-manifest.js
225 2026-04-07+23:49:17.6952864730 /root/lumina-
clean-v6/.next/server/next-font-manifest.js
196 2026-04-07+23:49:17.6952864730 /root/lumina-
clean-v6/.next/server/next-font-manifest.json
12462 2026-04-07+23:50:13.6872864520 /root/lumin
a-clean-v6/.next/server/pages/404.html
2007 2026-04-07+23:50:12.4432864530 /root/lumina
-clean-v6/.next/server/pages/500.html
3363 2026-04-07+23:49:22.3272864720 /root/lumina
-clean-v6/.next/server/pages/_app.js
838 2026-04-07+23:50:44.7512864400 /root/lumina-
clean-v6/.next/server/pages/_app.js.nft.json
427 2026-04-07+23:49:22.3272864720 /root/lumina-
clean-v6/.next/server/pages/_document.js
8118 2026-04-07+23:50:44.7512864400 /root/lumina
-clean-v6/.next/server/pages/_document.js.nft.js
on
73164 2026-04-07+23:49:22.3272864720 /root/lumin
a-clean-v6/.next/server/pages/_error.js
8116 2026-04-07+23:50:44.7512864400 /root/lumina
-clean-v6/.next/server/pages/_error.js.nft.json
128 2026-04-07+23:50:15.2232864520 /root/lumina-
clean-v6/.next/server/pages-manifest.json
4241 2026-04-07+23:49:22.4352864720 /root/lumina
-clean-v6/.next/server/server-reference-manifest
.js
3936 2026-04-07+23:49:22.4352864720 /root/lumina
-clean-v6/.next/server/server-reference-manifest
.json
1483 2026-04-07+23:49:22.3512864720 /root/lumina
-clean-v6/.next/server/webpack-runtime.js
689122 2026-04-07+23:49:17.7632864730 /root/lumi
na-clean-v6/.next/static/chunks/198f8915-700fcbb
d30acaab5.js
12524 2026-04-07+23:49:17.7752864730 /root/lumin
a-clean-v6/.next/static/chunks/2604-4f27faa3c0f6
1405.js
54862 2026-04-07+23:49:17.7752864730 /root/lumin
a-clean-v6/.next/static/chunks/2775-dc6e16302057
e76e.js
109723 2026-04-07+23:49:17.7632864730 /root/lumi
na-clean-v6/.next/static/chunks/2ef6b231-4ef766d
dd84a2b37.js
17618 2026-04-07+23:49:17.7752864730 /root/lumin
a-clean-v6/.next/static/chunks/4305-c71aae0cc377
f097.js
57486 2026-04-07+23:49:17.7752864730 /root/lumin
a-clean-v6/.next/static/chunks/5665-bd8078776fde
41e0.js
114584 2026-04-07+23:49:17.7712864730 /root/lumi
na-clean-v6/.next/static/chunks/5714-1e2545b5b1e
03905.js
173020 2026-04-07+23:49:17.7632864730 /root/lumi
na-clean-v6/.next/static/chunks/5ebec514-530d3cf
2c2aeb254.js
1559 2026-04-07+23:49:17.7632864730 /root/lumina
-clean-v6/.next/static/chunks/6184.3c5e8d36a47e1
f5a.js
8535 2026-04-07+23:49:17.7712864730 /root/lumina
-clean-v6/.next/static/chunks/6404-0148f37980fae
18b.js
84527 2026-04-07+23:49:17.7752864730 /root/lumin
a-clean-v6/.next/static/chunks/6523-68f9c464981c
1950.js
20071 2026-04-07+23:49:17.7752864730 /root/lumin
a-clean-v6/.next/static/chunks/7199-15208179a33d
c35f.js
900 2026-04-07+23:49:17.7512864730 /root/lumina-
clean-v6/.next/static/chunks/7235.4d60c48c75d534
57.js
756 2026-04-07+23:49:17.7592864730 /root/lumina-
clean-v6/.next/static/chunks/7257.58fb2acdeef584
66.js
53032 2026-04-07+23:49:17.7632864730 /root/lumin
a-clean-v6/.next/static/chunks/73b44d3b-cce043ef
bb6bef3f.js
12606 2026-04-07+23:49:17.7712864730 /root/lumin
a-clean-v6/.next/static/chunks/8124-5e810aa62d16
3f93.js
16709 2026-04-07+23:49:17.7752864730 /root/lumin
a-clean-v6/.next/static/chunks/844-8f4575692c434
44a.js
252227 2026-04-07+23:49:17.7712864730 /root/lumi
na-clean-v6/.next/static/chunks/8480-93821c1d928
5bbea.js
136091 2026-04-07+23:49:17.7752864730 /root/lumi
na-clean-v6/.next/static/chunks/856-e2eac0f5dc2d
cc91.js
171720 2026-04-07+23:49:17.7792864730 /root/lumi
na-clean-v6/.next/static/chunks/9782-cc5f6bef1fd
9ca2c.js
194 2026-04-07+23:49:17.7312864730 /root/lumina-
clean-v6/.next/static/chunks/app/admin-dashboard
/loading-848a2fcacf478943.js
28345 2026-04-07+23:49:17.7352864730 /root/lumin
a-clean-v6/.next/static/chunks/app/admin-dashboa
rd/page-9759e481195de86e.js
11119 2026-04-07+23:49:17.7112864730 /root/lumin
a-clean-v6/.next/static/chunks/app/airbnb/page-3
478b9e0ff92088b.js
194 2026-04-07+23:49:17.7032864730 /root/lumina-
clean-v6/.next/static/chunks/app/api/leads/route
-848a2fcacf478943.js
194 2026-04-07+23:49:17.7032864730 /root/lumina-
clean-v6/.next/static/chunks/app/api/scraping/li
nkedin-strata/route-848a2fcacf478943.js
194 2026-04-07+23:49:17.7072864730 /root/lumina-
clean-v6/.next/static/chunks/app/api/tenders/ndi
s-bot/route-848a2fcacf478943.js
194 2026-04-07+23:49:17.7152864730 /root/lumina-
clean-v6/.next/static/chunks/app/api/trpc/[trpc]
/route-848a2fcacf478943.js
194 2026-04-07+23:49:17.7112864730 /root/lumina-
clean-v6/.next/static/chunks/app/api/vision/ar-m
easure/route-848a2fcacf478943.js
194 2026-04-07+23:49:17.7152864730 /root/lumina-
clean-v6/.next/static/chunks/app/api/voice/dispa
tch/route-848a2fcacf478943.js
194 2026-04-07+23:49:17.7112864730 /root/lumina-
clean-v6/.next/static/chunks/app/api/webhooks/st
ripe/route-848a2fcacf478943.js
11509 2026-04-07+23:49:17.7232864730 /root/lumin
a-clean-v6/.next/static/chunks/app/booking-confi
rmation/[jobId]/page-7111af99c33f18c2.js
12258 2026-04-07+23:49:17.7152864730 /root/lumin
a-clean-v6/.next/static/chunks/app/book/page-532
93ebfe581b5fd.js
9395 2026-04-07+23:49:17.7152864730 /root/lumina
-clean-v6/.next/static/chunks/app/commercial/pag
e-bbeb756a26766f4b.js
15758 2026-04-07+23:49:17.7232864730 /root/lumin
a-clean-v6/.next/static/chunks/app/commercial/qu
ote/page-d75ab0352766ab8f.js
784 2026-04-07+23:49:17.7352864730 /root/lumina-
clean-v6/.next/static/chunks/app/emerald/error-1
33d2690b5cf434a.js
194 2026-04-07+23:49:17.7352864730 /root/lumina-
clean-v6/.next/static/chunks/app/emerald/loading
-848a2fcacf478943.js
192 2026-04-07+23:49:17.7352864730 /root/lumina-
clean-v6/.next/static/chunks/app/emerald/not-fou
nd-ee8bad349cfefba6.js
31074 2026-04-07+23:49:17.7472864730 /root/lumin
a-clean-v6/.next/static/chunks/app/emerald/page-
94cc6a5ddeafa0d5.js
14183 2026-04-07+23:49:17.7512864730 /root/lumin
a-clean-v6/.next/static/chunks/app/emerald/prici
ng/page-110434fbd8afe5e5.js
10985 2026-04-07+23:49:17.7512864730 /root/lumin
a-clean-v6/.next/static/chunks/app/emerald/servi
ces/page-882719ceb1941e6e.js
1409 2026-04-07+23:49:17.7112864730 /root/lumina
-clean-v6/.next/static/chunks/app/error-b3df528e
28f83207.js
3893 2026-04-07+23:49:17.7112864730 /root/lumina
-clean-v6/.next/static/chunks/app/layout-9309b7a
abbf96e9f.js
194 2026-04-07+23:49:17.7112864730 /root/lumina-
clean-v6/.next/static/chunks/app/loading-848a2fc
acf478943.js
16244 2026-04-07+23:49:17.7312864730 /root/lumin
a-clean-v6/.next/static/chunks/app/ndis/assessme
nt/page-d9620acbf3d74d2d.js
7699 2026-04-07+23:49:17.7232864730 /root/lumina
-clean-v6/.next/static/chunks/app/ndis/page-6dad
aa484056a452.js
192 2026-04-07+23:49:17.7112864730 /root/lumina-
clean-v6/.next/static/chunks/app/not-found-ee8ba
d349cfefba6.js
194 2026-04-07+23:49:17.6992864730 /root/lumina-
clean-v6/.next/static/chunks/app/_not-found/page
-848a2fcacf478943.js
24800 2026-04-07+23:49:17.7232864730 /root/lumin
a-clean-v6/.next/static/chunks/app/page-fcfd472e
f949e408.js
11112 2026-04-07+23:49:17.7272864730 /root/lumin
a-clean-v6/.next/static/chunks/app/real-estate/p
age-2c3f72385037a0d0.js
9036 2026-04-07+23:49:17.7312864730 /root/lumina
-clean-v6/.next/static/chunks/app/residential/ar
-scanner/page-e3ee78c01f727e63.js
7734 2026-04-07+23:49:17.7232864730 /root/lumina
-clean-v6/.next/static/chunks/app/residential/pa
ge-05f270f683743fb6.js
194 2026-04-07+23:49:17.7072864730 /root/lumina-
clean-v6/.next/static/chunks/app/robots.txt/rout
e-848a2fcacf478943.js
792 2026-04-07+23:49:17.7632864730 /root/lumina-
clean-v6/.next/static/chunks/app/sign-in/[[...si
gn-in]]/page-4831a1a8fb725891.js
792 2026-04-07+23:49:17.7632864730 /root/lumina-
clean-v6/.next/static/chunks/app/sign-up/[[...si
gn-up]]/page-4831a1a8fb725891.js
194 2026-04-07+23:49:17.7072864730 /root/lumina-
clean-v6/.next/static/chunks/app/sitemap.xml/rou
te-848a2fcacf478943.js
8081 2026-04-07+23:49:17.7272864730 /root/lumina
-clean-v6/.next/static/chunks/app/strata/page-d5
22beb1d0efcb15.js
17550 2026-04-07+23:49:17.7272864730 /root/lumin
a-clean-v6/.next/static/chunks/app/strata/quote/
page-561be2fac793ea6e.js
148504 2026-04-07+23:49:17.7712864730 /root/lumi
na-clean-v6/.next/static/chunks/ed48eaa7.db4755b
9d3ec75c1.js
181560 2026-04-07+23:49:17.7632864730 /root/lumi
na-clean-v6/.next/static/chunks/framework-0f4b7d
ebb5ed1043.js
127818 2026-04-07+23:49:17.6952864730 /root/lumi
na-clean-v6/.next/static/chunks/main-0e28c9e2cf5
a6ea3.js
558 2026-04-07+23:49:17.6952864730 /root/lumina-
clean-v6/.next/static/chunks/main-app-0f64201d61
9447df.js
238 2026-04-07+23:49:17.6952864730 /root/lumina-
clean-v6/.next/static/chunks/pages/_app-84c11299
82f92566.js
221 2026-04-07+23:49:17.6952864730 /root/lumina-
clean-v6/.next/static/chunks/pages/_error-796c9b
26557c989d.js
112594 2026-04-07+23:49:17.6792864730 /root/lumi
na-clean-v6/.next/static/chunks/polyfills-42372e
d130431b0a.js
3587 2026-04-07+23:49:17.7512864730 /root/lumina
-clean-v6/.next/static/chunks/webpack-1bda1ce51f
29d2fa.js
62216 2026-04-07+23:49:17.7632864730 /root/lumin
a-clean-v6/.next/static/css/ad8f6e4e68af467d.css
19044 2026-04-07+23:49:17.6792864730 /root/lumin
a-clean-v6/.next/static/media/19cfc7226ec3afaa-s
.woff2
18744 2026-04-07+23:49:17.6792864730 /root/lumin
a-clean-v6/.next/static/media/21350d82a1f187e9-s
.woff2
2592 2026-04-07+23:49:17.6792864730 /root/lumina
-clean-v6/.next/static/media/438aa629764e75f3-s.
woff2
24576 2026-04-07+23:49:17.6792864730 /root/lumin
a-clean-v6/.next/static/media/4c9affa5bc8f420e-s
.p.woff2
9360 2026-04-07+23:49:17.6792864730 /root/lumina
-clean-v6/.next/static/media/51251f8b9793cdb3-s.
woff2
14544 2026-04-07+23:49:17.6792864730 /root/lumin
a-clean-v6/.next/static/media/875ae681bfde4580-s
.woff2
85272 2026-04-07+23:49:17.6792864730 /root/lumin
a-clean-v6/.next/static/media/8e9860b6e62d6359-s
.woff2
25844 2026-04-07+23:49:17.6792864730 /root/lumin
a-clean-v6/.next/static/media/ba9851c3c22cd980-s
.woff2
11272 2026-04-07+23:49:17.6792864730 /root/lumin
a-clean-v6/.next/static/media/c5fe6dc8356a8c31-s
.woff2
15240 2026-04-07+23:49:17.6792864730 /root/lumin
a-clean-v6/.next/static/media/cc978ac5ee68c2b6-s
.woff2
10280 2026-04-07+23:49:17.6792864730 /root/lumin
a-clean-v6/.next/static/media/df0a9ae256c0569c-s
.woff2
48432 2026-04-07+23:49:17.6792864730 /root/lumin
a-clean-v6/.next/static/media/e4af272ccee01ff0-s
.p.woff2
8492 2026-04-07+23:49:17.6792864730 /root/lumina
-clean-v6/.next/static/media/e857b654a2caa584-s.
woff2
1585 2026-04-07+23:49:36.7112864660 /root/lumina
-clean-v6/.next/static/Nd2DXpeu6XLLXpGz4Bo-S/_bu
ildManifest.js
80 2026-04-07+23:50:16.2072864510 /root/lumina-c
lean-v6/.next/static/Nd2DXpeu6XLLXpGz4Bo-S/_ssgM
anifest.js
1585 2026-04-07+23:49:17.6952864730 /root/lumina
-clean-v6/.next/static/SjrecNDBrC40E-sRoJGNR/_bu
ildManifest.js
80 2026-04-07+23:49:58.1792864580 /root/lumina-c
lean-v6/.next/static/SjrecNDBrC40E-sRoJGNR/_ssgM
anifest.js
97353 2026-04-07+23:50:44.8232864400 /root/lumin
a-clean-v6/.next/trace
3731 2026-04-07+23:49:22.4152864720 /root/lumina
-clean-v6/.next/types/app/admin-dashboard/page.t
s
3704 2026-04-07+23:49:22.4152864720 /root/lumina
-clean-v6/.next/types/app/airbnb/page.ts
8709 2026-04-07+23:49:22.4192864720 /root/lumina
-clean-v6/.next/types/app/api/leads/route.ts
8772 2026-04-07+23:49:22.4192864720 /root/lumina
-clean-v6/.next/types/app/api/scraping/linkedin-
strata/route.ts
8748 2026-04-07+23:49:22.4192864720 /root/lumina
-clean-v6/.next/types/app/api/tenders/ndis-bot/r
oute.ts
8733 2026-04-07+23:49:22.4192864720 /root/lumina
-clean-v6/.next/types/app/api/trpc/[trpc]/route.
ts
8751 2026-04-07+23:49:22.4192864720 /root/lumina
-clean-v6/.next/types/app/api/vision/ar-measure/
route.ts
8742 2026-04-07+23:49:22.4192864720 /root/lumina
-clean-v6/.next/types/app/api/voice/dispatch/rou
te.ts
8745 2026-04-07+23:49:22.4192864720 /root/lumina
-clean-v6/.next/types/app/api/webhooks/stripe/ro
ute.ts
3776 2026-04-07+23:49:22.4152864720 /root/lumina
-clean-v6/.next/types/app/booking-confirmation/[
jobId]/page.ts
3698 2026-04-07+23:49:22.4152864720 /root/lumina
-clean-v6/.next/types/app/book/page.ts
3716 2026-04-07+23:49:22.4152864720 /root/lumina
-clean-v6/.next/types/app/commercial/page.ts
3740 2026-04-07+23:49:22.4152864720 /root/lumina
-clean-v6/.next/types/app/commercial/quote/page.
ts
3707 2026-04-07+23:49:22.4272864720 /root/lumina
-clean-v6/.next/types/app/emerald/page.ts
3737 2026-04-07+23:49:22.4312864720 /root/lumina
-clean-v6/.next/types/app/emerald/pricing/page.t
s
3740 2026-04-07+23:49:22.4272864720 /root/lumina
-clean-v6/.next/types/app/emerald/services/page.
ts
3737 2026-04-07+23:49:22.4272864720 /root/lumina
-clean-v6/.next/types/app/ndis/assessment/page.t
s
3698 2026-04-07+23:49:22.4152864720 /root/lumina
-clean-v6/.next/types/app/ndis/page.ts
3677 2026-04-07+23:49:22.4192864720 /root/lumina
-clean-v6/.next/types/app/page.ts
3719 2026-04-07+23:49:22.4232864720 /root/lumina
-clean-v6/.next/types/app/real-estate/page.ts
3758 2026-04-07+23:49:22.4272864720 /root/lumina
-clean-v6/.next/types/app/residential/ar-scanner
/page.ts
3719 2026-04-07+23:49:22.4232864720 /root/lumina
-clean-v6/.next/types/app/residential/page.ts
3758 2026-04-07+23:49:22.4312864720 /root/lumina
-clean-v6/.next/types/app/sign-in/[[...sign-in]]
/page.ts
3758 2026-04-07+23:49:22.4312864720 /root/lumina
-clean-v6/.next/types/app/sign-up/[[...sign-up]]
/page.ts
3704 2026-04-07+23:49:22.4272864720 /root/lumina
-clean-v6/.next/types/app/strata/page.ts
3728 2026-04-07+23:49:22.4312864720 /root/lumina
-clean-v6/.next/types/app/strata/quote/page.ts
5863 2026-04-07+23:49:07.6272864770 /root/lumina
-clean-v6/.next/types/cache-life.d.ts
18 2026-04-07+23:49:07.6272864770 /root/lumina-c
lean-v6/.next/types/package.json
3131 2026-04-07+23:49:05.9072864780 /root/lumina
-clean-v6/.next/types/routes.d.ts
7498 2026-04-07+23:49:05.9112864780 /root/lumina
-clean-v6/.next/types/validator.ts
1126 2026-04-07+14:51:28.3355874860 /root/lumina
-clean-v6/node_modules/.bin/acorn
1244 2026-04-07+14:51:29.0315874860 /root/lumina
-clean-v6/node_modules/.bin/autoprefixer
1010 2026-04-07+14:51:28.3355874860 /root/lumina
-clean-v6/node_modules/.bin/browserslist
926 2026-04-07+14:51:29.0675874860 /root/lumina-
clean-v6/node_modules/.bin/drizzle-kit
1166 2026-04-07+14:51:28.3355874860 /root/lumina
-clean-v6/node_modules/.bin/esbuild
1154 2026-04-07+14:51:29.0315874860 /root/lumina
-clean-v6/node_modules/.bin/eslint
1116 2026-04-07+14:51:28.3355874860 /root/lumina
-clean-v6/node_modules/.bin/jiti
1076 2026-04-07+14:51:29.0315874860 /root/lumina
-clean-v6/node_modules/.bin/nanoid
1598 2026-04-07+14:51:29.0315874860 /root/lumina
-clean-v6/node_modules/.bin/next
1312 2026-04-07+14:51:28.3355874860 /root/lumina
-clean-v6/node_modules/.bin/openai
1130 2026-04-07+14:51:29.0315874860 /root/lumina
-clean-v6/node_modules/.bin/tailwind
1130 2026-04-07+14:51:29.0315874860 /root/lumina
-clean-v6/node_modules/.bin/tailwindcss
1112 2026-04-07+14:51:29.0315874860 /root/lumina
-clean-v6/node_modules/.bin/tsc
1122 2026-04-07+14:51:29.0315874860 /root/lumina
-clean-v6/node_modules/.bin/tsserver
48457 2026-04-07+14:51:28.5435874860 /root/lumin
a-clean-v6/node_modules/.modules.yaml
1056 2026-04-06+04:50:06.0830953620 /root/lumina
-clean-v6/node_modules/.pnpm/acorn@8.16.0/node_m
odules/acorn/node_modules/.bin/acorn
1138 2026-04-06+04:50:06.0830953620 /root/lumina
-clean-v6/node_modules/.pnpm/acorn-jsx@5.3.2_aco
rn@8.16.0/node_modules/acorn-jsx/node_modules/.b
in/acorn
1224 2026-04-06+04:50:05.9990953620 /root/lumina
-clean-v6/node_modules/.pnpm/autoprefixer@10.4.0
_postcss@8.4.0/node_modules/autoprefixer/node_mo
dules/.bin/autoprefixer
1022 2026-04-06+04:50:05.9950953620 /root/lumina
-clean-v6/node_modules/.pnpm/autoprefixer@10.4.0
_postcss@8.4.0/node_modules/autoprefixer/node_mo
dules/.bin/browserslist
1260 2026-04-06+04:50:05.9950953620 /root/lumina
-clean-v6/node_modules/.pnpm/baseline-browser-ma
pping@2.10.15/node_modules/baseline-browser-mapp
ing/node_modules/.bin/baseline-browser-mapping
1420 2026-04-06+04:50:05.9950953620 /root/lumina
-clean-v6/node_modules/.pnpm/browserslist@4.28.2
/node_modules/browserslist/node_modules/.bin/bas
eline-browser-mapping
912 2026-04-06+04:50:05.9950953620 /root/lumina-
clean-v6/node_modules/.pnpm/browserslist@4.28.2/
node_modules/browserslist/node_modules/.bin/brow
serslist
1236 2026-04-06+04:50:05.9950953620 /root/lumina
-clean-v6/node_modules/.pnpm/browserslist@4.28.2
/node_modules/browserslist/node_modules/.bin/upd
ate-browserslist-db
1766 2026-04-06+04:50:06.3670953620 /root/lumina
-clean-v6/node_modules/.pnpm/@clerk+nextjs@6.39.
1_next@15.2.0_react-dom@19.0.0_react@19.0.0__rea
ct@19.0.0__react-dom_1ac0bb8176ef8b961828442806c
f5af1/node_modules/@clerk/nextjs/node_modules/.b
in/next
1766 2026-04-06+04:57:33.2590951920 /root/lumina
-clean-v6/node_modules/.pnpm/@clerk+nextjs@6.39.
1_next@15.5.0_react-dom@19.0.0_react@19.0.0__rea
ct@19.0.0__react-dom_143cf2b4284076c063dbe79a748
b981f/node_modules/@clerk/nextjs/node_modules/.b
in/next
1766 2026-04-07+14:51:28.2395874860 /root/lumina
-clean-v6/node_modules/.pnpm/@clerk+nextjs@6.39.
1_next@15.5.1_react-dom@19.0.0_react@19.0.0__rea
ct@19.0.0__react-dom_b9363173522c1ab82bd57a2d9e1
9bb29/node_modules/@clerk/nextjs/node_modules/.b
in/next
1766 2026-04-07+13:55:50.4575574200 /root/lumina
-clean-v6/node_modules/.pnpm/@clerk+nextjs@6.39.
1_next@15.5.9_react-dom@19.0.0_react@19.0.0__rea
ct@19.0.0__react-dom_d899f5fa2484e8007490cac216a
1ae0a/node_modules/@clerk/nextjs/node_modules/.b
in/next
59 2026-04-06+04:49:05.8950953850 /root/lumina-c
lean-v6/node_modules/.pnpm/@clerk+shared@3.47.3_
react-dom@19.0.0_react@19.0.0__react@19.0.0/node
_modules/@clerk/shared/apiUrlFromPublishableKey/
package.json
55 2026-04-06+04:49:05.9070953850 /root/lumina-c
lean-v6/node_modules/.pnpm/@clerk+shared@3.47.3_
react-dom@19.0.0_react@19.0.0__react@19.0.0/node
_modules/@clerk/shared/authorization-errors/pack
age.json
48 2026-04-06+04:49:05.9230953850 /root/lumina-c
lean-v6/node_modules/.pnpm/@clerk+shared@3.47.3_
react-dom@19.0.0_react@19.0.0__react@19.0.0/node
_modules/@clerk/shared/authorization/package.jso
n
42 2026-04-06+04:49:05.9310953850 /root/lumina-c
lean-v6/node_modules/.pnpm/@clerk+shared@3.47.3_
react-dom@19.0.0_react@19.0.0__react@19.0.0/node
_modules/@clerk/shared/browser/package.json
48 2026-04-06+04:49:05.9470953850 /root/lumina-c
lean-v6/node_modules/.pnpm/@clerk+shared@3.47.3_
react-dom@19.0.0_react@19.0.0__react@19.0.0/node
_modules/@clerk/shared/clerkEventBus/package.jso
n
40 2026-04-06+04:49:05.9630953850 /root/lumina-c
lean-v6/node_modules/.pnpm/@clerk+shared@3.47.3_
react-dom@19.0.0_react@19.0.0__react@19.0.0/node
_modules/@clerk/shared/color/package.json
44 2026-04-06+04:49:05.9790953850 /root/lumina-c
lean-v6/node_modules/.pnpm/@clerk+shared@3.47.3_
react-dom@19.0.0_react@19.0.0__react@19.0.0/node
_modules/@clerk/shared/constants/package.json
41 2026-04-06+04:49:05.9950953850 /root/lumina-c
lean-v6/node_modules/.pnpm/@clerk+shared@3.47.3_
react-dom@19.0.0_react@19.0.0__react@19.0.0/node
_modules/@clerk/shared/cookie/package.json
39 2026-04-06+04:49:06.0070953850 /root/lumina-c
lean-v6/node_modules/.pnpm/@clerk+shared@3.47.3_
react-dom@19.0.0_react@19.0.0__react@19.0.0/node
_modules/@clerk/shared/date/package.json
45 2026-04-06+04:49:06.0190953850 /root/lumina-c
lean-v6/node_modules/.pnpm/@clerk+shared@3.47.3_
react-dom@19.0.0_react@19.0.0__react@19.0.0/node
_modules/@clerk/shared/deprecated/package.json
46 2026-04-06+04:49:06.0350953850 /root/lumina-c
lean-v6/node_modules/.pnpm/@clerk+shared@3.47.3_
react-dom@19.0.0_react@19.0.0__react@19.0.0/node
_modules/@clerk/shared/deriveState/package.json
45 2026-04-06+04:49:06.0630953850 /root/lumina-c
lean-v6/node_modules/.pnpm/@clerk+shared@3.47.3_
react-dom@19.0.0_react@19.0.0__react@19.0.0/node
_modules/@clerk/shared/devBrowser/package.json
422 2026-04-06+04:49:17.2230953810 /root/lumina-
clean-v6/node_modules/.pnpm/@clerk+shared@3.47.3
_react-dom@19.0.0_react@19.0.0__react@19.0.0/nod
e_modules/@clerk/shared/dist/runtime/alternative
PhoneCode.d.mts
169 2026-04-06+04:49:06.9950953850 /root/lumina-
clean-v6/node_modules/.pnpm/@clerk+shared@3.47.3
_react-dom@19.0.0_react@19.0.0__react@19.0.0/nod
e_modules/@clerk/shared/dist/runtime/alternative
PhoneCode.d.mts.map
420 2026-04-06+04:49:19.1510953800 /root/lumina-
clean-v6/node_modules/.pnpm/@clerk+shared@3.47.3
_react-dom@19.0.0_react@19.0.0__react@19.0.0/nod
e_modules/@clerk/shared/dist/runtime/alternative
PhoneCode.d.ts
168 2026-04-06+04:49:07.0030953850 /root/lumina-
clean-v6/node_modules/.pnpm/@clerk+shared@3.47.3
_react-dom@19.0.0_react@19.0.0__react@19.0.0/nod
e_modules/@clerk/shared/dist/runtime/alternative
PhoneCode.d.ts.map
524 2026-04-06+04:49:04.1190953860 /root/lumina-
clean-v6/node_modules/.pnpm/@clerk+shared@3.47.3
_react-dom@19.0.0_react@19.0.0__react@19.0.0/nod
e_modules/@clerk/shared/dist/runtime/alternative
PhoneCode.js
783 2026-04-06+04:49:07.0150953850 /root/lumina-
clean-v6/node_modules/.pnpm/@clerk+shared@3.47.3
_react-dom@19.0.0_react@19.0.0__react@19.0.0/nod
e_modules/@clerk/shared/dist/runtime/alternative
PhoneCode.js.map
446 2026-04-06+04:49:13.7510953820 /root/lumina-
clean-v6/node_modules/.pnpm/@clerk+shared@3.47.3
_react-dom@19.0.0_react@19.0.0__react@19.0.0/nod
e_modules/@clerk/shared/dist/runtime/alternative
PhoneCode.mjs
783 2026-04-06+04:49:07.0310953850 /root/lumina-
clean-v6/node_modules/.pnpm/@clerk+shared@3.47.3
_react-dom@19.0.0_react@19.0.0__react@19.0.0/nod
e_modules/@clerk/shared/dist/runtime/alternative
PhoneCode.mjs.map
1019 2026-04-06+04:49:13.8150953820 /root/lumina
-clean-v6/node_modules/.pnpm/@clerk+shared@3.47.
3_react-dom@19.0.0_react@19.0.0__react@19.0.0/no
de_modules/@clerk/shared/dist/runtime/apiUrlFrom
PublishableKey-B2KkwQp6.mjs
1364 2026-04-06+04:49:07.0470953850 /root/lumina
-clean-v6/node_modules/.pnpm/@clerk+shared@3.47.
3_react-dom@19.0.0_react@19.0.0__react@19.0.0/no
de_modules/@clerk/shared/dist/runtime/apiUrlFrom
PublishableKey-B2KkwQp6.mjs.map
473 2026-04-06+04:49:17.2390953810 /root/lumina-
clean-v6/node_modules/.pnpm/@clerk+shared@3.47.3
_react-dom@19.0.0_react@19.0.0__react@19.0.0/nod
e_modules/@clerk/shared/dist/runtime/apiUrlFromP
ublishableKey-BMA_oB1l.d.mts
175 2026-04-06+04:49:07.0550953850 /root/lumina-
clean-v6/node_modules/.pnpm/@clerk+shared@3.47.3
_react-dom@19.0.0_react@19.0.0__react@19.0.0/nod
e_modules/@clerk/shared/dist/runtime/apiUrlFromP
ublishableKey-BMA_oB1l.d.mts.map
1161 2026-04-06+04:49:04.1310953860 /root/lumina
-clean-v6/node_modules/.pnpm/@clerk+shared@3.47.
3_react-dom@19.0.0_react@19.0.0__react@19.0.0/no
de_modules/@clerk/shared/dist/runtime/apiUrlFrom
PublishableKey-CY46bNyR.js
1516 2026-04-06+04:49:07.0630953850 /root/lumina
-clean-v6/node_modules/.pnpm/@clerk+shared@3.47.
3_react-dom@19.0.0_react@19.0.0__react@19.0.0/no
de_modules/@clerk/shared/dist/runtime/apiUrlFrom
PublishableKey-CY46bNyR.js.map
120 2026-04-06+04:49:17.2630953810 /root/lumina-
clean-v6/node_modules/.pnpm/@clerk+shared@3.47.3
_react-dom@19.0.0_react@19.0.0__react@19.0.0/nod
e_modules/@clerk/shared/dist/runtime/apiUrlFromP
ublishableKey.d.mts
472 2026-04-06+04:49:19.2190953800 /root/lumina-
clean-v6/node_modules/.pnpm/@clerk+shared@3.47.3
_react-dom@19.0.0_react@19.0.0__react@19.0.0/nod
e_modules/@clerk/shared/dist/runtime/apiUrlFromP
ublishableKey-DOAlYzda.d.ts
174 2026-04-06+04:49:07.0750953850 /root/lumina-
clean-v6/node_modules/.pnpm/@clerk+shared@3.47.3
_react-dom@19.0.0_react@19.0.0__react@19.0.0/nod
e_modules/@clerk/shared/dist/runtime/apiUrlFromP
ublishableKey-DOAlYzda.d.ts.map
119 2026-04-06+04:49:19.2710953800 /root/lumina-
clean-v6/node_modules/.pnpm/@clerk+shared@3.47.3
_react-dom@19.0.0_react@19.0.0__react@19.0.0/nod
e_modules/@clerk/shared/dist/runtime/apiUrlFromP
ublishableKey.d.ts
335 2026-04-06+04:49:04.1390953860 /root/lumina-
clean-v6/node_modules/.pnpm/@clerk+shared@3.47.3
_react-dom@19.0.0_react@19.0.0__react@19.0.0/nod
e_modules/@clerk/shared/dist/runtime/apiUrlFromP
ublishableKey.js
266 2026-04-06+04:49:13.8910953820 /root/lumina-
clean-v6/node_modules/.pnpm/@clerk+shared@3.47.3
_react-dom@19.0.0_react@19.0.0__react@19.0.0/nod
e_modules/@clerk/shared/dist/runtime/apiUrlFromP
ublishableKey.mjs
7241 2026-04-06+04:49:04.1510953860 /root/lumina
-clean-v6/node_modules/.pnpm/@clerk+shared@3.47.
3_react-dom@19.0.0_react@19.0.0__react@19.0.0/no
de_modules/@clerk/shared/dist/runtime/authorizat
ion-CBdaJf5P.js
14194 2026-04-06+04:49:07.0870953850 /root/lumin
a-clean-v6/node_modules/.pnpm/@clerk+shared@3.47
.3_react-dom@19.0.0_react@19.0.0__react@19.0.0/n
ode_modules/@clerk/shared/dist/runtime/authoriza
tion-CBdaJf5P.js.map
6784 2026-04-06+04:49:13.9190953820 /root/lumina
-clean-v6/node_modules/.pnpm/@clerk+shared@3.47.
3_react-dom@19.0.0_react@19.0.0__react@19.0.0/no
de_modules/@clerk/shared/dist/runtime/authorizat
ion-D2ans7vW.mjs
14194 2026-04-06+04:49:07.1030953850 /root/lumin
a-clean-v6/node_modules/.pnpm/@clerk+shared@3.47
.3_react-dom@19.0.0_react@19.0.0__react@19.0.0/n
ode_modules/@clerk/shared/dist/runtime/authoriza
tion-D2ans7vW.mjs.map
2547 2026-04-06+04:49:17.2950953810 /root/lumina
-clean-v6/node_modules/.pnpm/@clerk+shared@3.47.
3_react-dom@19.0.0_react@19.0.0__react@19.0.0/no
de_modules/@clerk/shared/dist/runtime/authorizat
ion.d.mts
1215 2026-04-06+04:49:07.1670953850 /root/lumina
-clean-v6/node_modules/.pnpm/@clerk+shared@3.47.
3_react-dom@19.0.0_react@19.0.0__react@19.0.0/no
de_modules/@clerk/shared/dist/runtime/authorizat
ion.d.mts.map
2545 2026-04-06+04:49:19.3230953800 /root/lumina
-clean-v6/node_modules/.pnpm/@clerk+shared@3.47.
3_react-dom@19.0.0_react@19.0.0__react@19.0.0/no
de_modules/@clerk/shared/dist/runtime/authorizat
ion.d.ts
1214 2026-04-06+04:49:07.1750953850 /root/lumina
-clean-v6/node_modules/.pnpm/@clerk+shared@3.47.
3_react-dom@19.0.0_react@19.0.0__react@19.0.0/no
de_modules/@clerk/shared/dist/runtime/authorizat
ion.d.ts.map
760 2026-04-06+04:49:13.9470953820 /root/lumina-
clean-v6/node_modules/.pnpm/@clerk+shared@3.47.3
_react-dom@19.0.0_react@19.0.0__react@19.0.0/nod
e_modules/@clerk/shared/dist/runtime/authorizati
on-errors-CS1pNy8i.mjs
1704 2026-04-06+04:49:07.1190953850 /root/lumina
-clean-v6/node_modules/.pnpm/@clerk+shared@3.47.
3_react-dom@19.0.0_react@19.0.0__react@19.0.0/no
de_modules/@clerk/shared/dist/runtime/authorizat
ion-errors-CS1pNy8i.mjs.map
896 2026-04-06+04:49:17.2790953810 /root/lumina-
clean-v6/node_modules/.pnpm/@clerk+shared@3.47.3
_react-dom@19.0.0_react@19.0.0__react@19.0.0/nod
e_modules/@clerk/shared/dist/runtime/authorizati
on-errors.d.mts
699 2026-04-06+04:49:07.1390953850 /root/lumina-
clean-v6/node_modules/.pnpm/@clerk+shared@3.47.3
_react-dom@19.0.0_react@19.0.0__react@19.0.0/nod
e_modules/@clerk/shared/dist/runtime/authorizati
on-errors.d.mts.map
1106 2026-04-06+04:49:04.1630953860 /root/lumina
-clean-v6/node_modules/.pnpm/@clerk+shared@3.47.
3_react-dom@19.0.0_react@19.0.0__react@19.0.0/no
de_modules/@clerk/shared/dist/runtime/authorizat
ion-errors-dSnD6mpz.js
1704 2026-04-06+04:49:07.1230953850 /root/lumina
-clean-v6/node_modules/.pnpm/@clerk+shared@3.47.
3_react-dom@19.0.0_react@19.0.0__react@19.0.0/no
de_modules/@clerk/shared/dist/runtime/authorizat
ion-errors-dSnD6mpz.js.map
894 2026-04-06+04:49:19.2830953800 /root/lumina-
clean-v6/node_modules/.pnpm/@clerk+shared@3.47.3
_react-dom@19.0.0_react@19.0.0__react@19.0.0/nod
e_modules/@clerk/shared/dist/runtime/authorizati
on-errors.d.ts
698 2026-04-06+04:49:07.1590953850 /root/lumina-
clean-v6/node_modules/.pnpm/@clerk+shared@3.47.3
_react-dom@19.0.0_react@19.0.0__react@19.0.0/nod
e_modules/@clerk/shared/dist/runtime/authorizati
on-errors.d.ts.map
342 2026-04-06+04:49:04.1790953860 /root/lumina-
clean-v6/node_modules/.pnpm/@clerk+shared@3.47.3
_react-dom@19.0.0_react@19.0.0__react@19.0.0/nod
e_modules/@clerk/shared/dist/runtime/authorizati
on-errors.js
209 2026-04-06+04:49:13.9750953820 /root/lumina-
clean-v6/node_modules/.pnpm/@clerk+shared@3.47.3
_react-dom@19.0.0_react@19.0.0__react@19.0.0/nod
e_modules/@clerk/shared/dist/runtime/authorizati
on-errors.mjs
370 2026-04-06+04:49:04.1870953860 /root/lumina-
clean-v6/node_modules/.pnpm/@clerk+shared@3.47.3
_react-dom@19.0.0_react@19.0.0__react@19.0.0/nod
e_modules/@clerk/shared/dist/runtime/authorizati
on.js
234 2026-04-06+04:49:13.9950953820 /root/lumina-
clean-v6/node_modules/.pnpm/@clerk+shared@3.47.3
_react-dom@19.0.0_react@19.0.0__react@19.0.0/nod
e_modules/@clerk/shared/dist/runtime/authorizati
on.mjs
2504 2026-04-06+04:49:04.1990953860 /root/lumina
-clean-v6/node_modules/.pnpm/@clerk+shared@3.47.
3_react-dom@19.0.0_react@19.0.0__react@19.0.0/no
de_modules/@clerk/shared/dist/runtime/browser-Ch
5Nzweq.js
3142 2026-04-06+04:49:07.2110953850 /root/lumina
-clean-v6/node_modules/.pnpm/@clerk+shared@3.47.
3_react-dom@19.0.0_react@19.0.0__react@19.0.0/no
de_modules/@clerk/shared/dist/runtime/browser-Ch
5Nzweq.js.map
1073 2026-04-06+04:49:19.3430953800 /root/lumina
-clean-v6/node_modules/.pnpm/@clerk+shared@3.47.
3_react-dom@19.0.0_react@19.0.0__react@19.0.0/no
de_modules/@clerk/shared/dist/runtime/browser-CT
1g0w-N.d.ts
267 2026-04-06+04:49:07.2510953850 /root/lumina-
clean-v6/node_modules/.pnpm/@clerk+shared@3.47.3
_react-dom@19.0.0_react@19.0.0__react@19.0.0/nod
e_modules/@clerk/shared/dist/runtime/browser-CT1
g0w-N.d.ts.map
1074 2026-04-06+04:49:17.3110953810 /root/lumina
-clean-v6/node_modules/.pnpm/@clerk+shared@3.47.
3_react-dom@19.0.0_react@19.0.0__react@19.0.0/no
de_modules/@clerk/shared/dist/runtime/browser-Cw
BluoYn.d.mts
268 2026-04-06+04:49:07.2910953850 /root/lumina-
clean-v6/node_modules/.pnpm/@clerk+shared@3.47.3
_react-dom@19.0.0_react@19.0.0__react@19.0.0/nod
e_modules/@clerk/shared/dist/runtime/browser-CwB
luoYn.d.mts.map
1956 2026-04-06+04:49:14.0190953820 /root/lumina
-clean-v6/node_modules/.pnpm/@clerk+shared@3.47.
3_react-dom@19.0.0_react@19.0.0__react@19.0.0/no
de_modules/@clerk/shared/dist/runtime/browser-D5
e8obql.mjs
3142 2026-04-06+04:49:07.3190953850 /root/lumina
-clean-v6/node_modules/.pnpm/@clerk+shared@3.47.
3_react-dom@19.0.0_react@19.0.0__react@19.0.0/no
de_modules/@clerk/shared/dist/runtime/browser-D5
e8obql.mjs.map
219 2026-04-06+04:49:17.3270953810 /root/lumina-
clean-v6/node_modules/.pnpm/@clerk+shared@3.47.3
_react-dom@19.0.0_react@19.0.0__react@19.0.0/nod
e_modules/@clerk/shared/dist/runtime/browser.d.m
ts
218 2026-04-06+04:49:19.3630953800 /root/lumina-
clean-v6/node_modules/.pnpm/@clerk+shared@3.47.3
_react-dom@19.0.0_react@19.0.0__react@19.0.0/nod
e_modules/@clerk/shared/dist/runtime/browser.d.t
s
351 2026-04-06+04:49:04.2110953860 /root/lumina-
clean-v6/node_modules/.pnpm/@clerk+shared@3.47.3
_react-dom@19.0.0_react@19.0.0__react@19.0.0/nod
e_modules/@clerk/shared/dist/runtime/browser.js
220 2026-04-06+04:49:14.0430953820 /root/lumina-
clean-v6/node_modules/.pnpm/@clerk+shared@3.47.3
_react-dom@19.0.0_react@19.0.0__react@19.0.0/nod
e_modules/@clerk/shared/dist/runtime/browser.mjs
304 2026-04-06+04:49:17.3470953810 /root/lumina-
clean-v6/node_modules/.pnpm/@clerk+shared@3.47.3
_react-dom@19.0.0_react@19.0.0__react@19.0.0/nod
e_modules/@clerk/shared/dist/runtime/buildAccoun
tsBaseUrl.d.mts
162 2026-04-06+04:49:07.3270953850 /root/lumina-
clean-v6/node_modules/.pnpm/@clerk+shared@3.47.3
_react-dom@19.0.0_react@19.0.0__react@19.0.0/nod
e_modules/@clerk/shared/dist/runtime/buildAccoun
tsBaseUrl.d.mts.map
303 2026-04-06+04:49:19.3830953800 /root/lumina-
clean-v6/node_modules/.pnpm/@clerk+shared@3.47.3
_react-dom@19.0.0_react@19.0.0__react@19.0.0/nod
e_modules/@clerk/shared/dist/runtime/buildAccoun
tsBaseUrl.d.ts
161 2026-04-06+04:49:07.3470953850 /root/lumina-
clean-v6/node_modules/.pnpm/@clerk+shared@3.47.3
_react-dom@19.0.0_react@19.0.0__react@19.0.0/nod
e_modules/@clerk/shared/dist/runtime/buildAccoun
tsBaseUrl.d.ts.map
463 2026-04-06+04:49:04.2270953860 /root/lumina-
clean-v6/node_modules/.pnpm/@clerk+shared@3.47.3
_react-dom@19.0.0_react@19.0.0__react@19.0.0/nod
e_modules/@clerk/shared/dist/runtime/buildAccoun
tsBaseUrl.js
786 2026-04-06+04:49:07.3630953850 /root/lumina-
clean-v6/node_modules/.pnpm/@clerk+shared@3.47.3
_react-dom@19.0.0_react@19.0.0__react@19.0.0/nod
e_modules/@clerk/shared/dist/runtime/buildAccoun
tsBaseUrl.js.map
443 2026-04-06+04:49:14.0470953820 /root/lumina-
clean-v6/node_modules/.pnpm/@clerk+shared@3.47.3
_react-dom@19.0.0_react@19.0.0__react@19.0.0/nod
e_modules/@clerk/shared/dist/runtime/buildAccoun
tsBaseUrl.mjs
786 2026-04-06+04:49:07.3990953850 /root/lumina-
clean-v6/node_modules/.pnpm/@clerk+shared@3.47.3
_react-dom@19.0.0_react@19.0.0__react@19.0.0/nod
e_modules/@clerk/shared/dist/runtime/buildAccoun
tsBaseUrl.mjs.map
1090 2026-04-06+04:49:04.2430953860 /root/lumina
-clean-v6/node_modules/.pnpm/@clerk+shared@3.47.
3_react-dom@19.0.0_react@19.0.0__react@19.0.0/no
de_modules/@clerk/shared/dist/runtime/chunk-nOFO
JqeH.js
1022 2026-04-06+04:49:17.6270953810 /root/lumina
-clean-v6/node_modules/.pnpm/@clerk+shared@3.47.
3_react-dom@19.0.0_react@19.0.0__react@19.0.0/no
de_modules/@clerk/shared/dist/runtime/clerkEvent
Bus.d.mts
177 2026-04-06+04:49:07.4230953850 /root/lumina-
clean-v6/node_modules/.pnpm/@clerk+shared@3.47.3
_react-dom@19.0.0_react@19.0.0__react@19.0.0/nod
e_modules/@clerk/shared/dist/runtime/clerkEventB
us.d.mts.map
1020 2026-04-06+04:49:19.3990953800 /root/lumina
-clean-v6/node_modules/.pnpm/@clerk+shared@3.47.
3_react-dom@19.0.0_react@19.0.0__react@19.0.0/no
de_modules/@clerk/shared/dist/runtime/clerkEvent
Bus.d.ts
176 2026-04-06+04:49:07.4390953850 /root/lumina-
clean-v6/node_modules/.pnpm/@clerk+shared@3.47.3
_react-dom@19.0.0_react@19.0.0__react@19.0.0/nod
e_modules/@clerk/shared/dist/runtime/clerkEventB
us.d.ts.map
357 2026-04-06+04:49:04.2510953860 /root/lumina-
clean-v6/node_modules/.pnpm/@clerk+shared@3.47.3
_react-dom@19.0.0_react@19.0.0__react@19.0.0/nod
e_modules/@clerk/shared/dist/runtime/clerkEventB
us.js
513 2026-04-06+04:49:07.4950953850 /root/lumina-
clean-v6/node_modules/.pnpm/@clerk+shared@3.47.3
_react-dom@19.0.0_react@19.0.0__react@19.0.0/nod
e_modules/@clerk/shared/dist/runtime/clerkEventB
us.js.map
298 2026-04-06+04:49:14.0630953820 /root/lumina-
clean-v6/node_modules/.pnpm/@clerk+shared@3.47.3
_react-dom@19.0.0_react@19.0.0__react@19.0.0/nod
e_modules/@clerk/shared/dist/runtime/clerkEventB
us.mjs
497 2026-04-06+04:49:07.5030953850 /root/lumina-
clean-v6/node_modules/.pnpm/@clerk+shared@3.47.3
_react-dom@19.0.0_react@19.0.0__react@19.0.0/nod
e_modules/@clerk/shared/dist/runtime/clerkEventB
us.mjs.map
1049 2026-04-06+04:49:19.4190953800 /root/lumina
-clean-v6/node_modules/.pnpm/@clerk+shared@3.47.
3_react-dom@19.0.0_react@19.0.0__react@19.0.0/no
de_modules/@clerk/shared/dist/runtime/color-AGbT
RZ3n.d.ts
728 2026-04-06+04:49:07.5310953850 /root/lumina-
clean-v6/node_modules/.pnpm/@clerk+shared@3.47.3
_react-dom@19.0.0_react@19.0.0__react@19.0.0/nod
e_modules/@clerk/shared/dist/runtime/color-AGbTR
Z3n.d.ts.map
5350 2026-04-06+04:49:04.2710953860 /root/lumina
-clean-v6/node_modules/.pnpm/@clerk+shared@3.47.
3_react-dom@19.0.0_react@19.0.0__react@19.0.0/no
de_modules/@clerk/shared/dist/runtime/color-BHug
ulfx.js
7990 2026-04-06+04:49:07.5470953850 /root/lumina
-clean-v6/node_modules/.pnpm/@clerk+shared@3.47.
3_react-dom@19.0.0_react@19.0.0__react@19.0.0/no
de_modules/@clerk/shared/dist/runtime/color-BHug
ulfx.js.map
1051 2026-04-06+04:49:17.7230953810 /root/lumina
-clean-v6/node_modules/.pnpm/@clerk+shared@3.47.
3_react-dom@19.0.0_react@19.0.0__react@19.0.0/no
de_modules/@clerk/shared/dist/runtime/color-Bl0B
Ub_8.d.mts
729 2026-04-06+04:49:07.5590953850 /root/lumina-
clean-v6/node_modules/.pnpm/@clerk+shared@3.47.3
_react-dom@19.0.0_react@19.0.0__react@19.0.0/nod
e_modules/@clerk/shared/dist/runtime/color-Bl0BU
b_8.d.mts.map
4124 2026-04-06+04:49:14.0870953820 /root/lumina
-clean-v6/node_modules/.pnpm/@clerk+shared@3.47.
3_react-dom@19.0.0_react@19.0.0__react@19.0.0/no
de_modules/@clerk/shared/dist/runtime/color-ClT_
EEI3.mjs
7990 2026-04-06+04:49:07.5990953850 /root/lumina
-clean-v6/node_modules/.pnpm/@clerk+shared@3.47.
3_react-dom@19.0.0_react@19.0.0__react@19.0.0/no
de_modules/@clerk/shared/dist/runtime/color-ClT_
EEI3.mjs.map
464 2026-04-06+04:49:17.7390953810 /root/lumina-
clean-v6/node_modules/.pnpm/@clerk+shared@3.47.3
_react-dom@19.0.0_react@19.0.0__react@19.0.0/nod
e_modules/@clerk/shared/dist/runtime/color.d.mts
462 2026-04-06+04:49:19.4350953800 /root/lumina-
clean-v6/node_modules/.pnpm/@clerk+shared@3.47.3
_react-dom@19.0.0_react@19.0.0__react@19.0.0/nod
e_modules/@clerk/shared/dist/runtime/color.d.ts
691 2026-04-06+04:49:04.2830953860 /root/lumina-
clean-v6/node_modules/.pnpm/@clerk+shared@3.47.3
_react-dom@19.0.0_react@19.0.0__react@19.0.0/nod
e_modules/@clerk/shared/dist/runtime/color.js
434 2026-04-06+04:49:14.1150953820 /root/lumina-
clean-v6/node_modules/.pnpm/@clerk+shared@3.47.3
_react-dom@19.0.0_react@19.0.0__react@19.0.0/nod
e_modules/@clerk/shared/dist/runtime/color.mjs
2220 2026-04-06+04:49:04.2950953860 /root/lumina
-clean-v6/node_modules/.pnpm/@clerk+shared@3.47.
3_react-dom@19.0.0_react@19.0.0__react@19.0.0/no
de_modules/@clerk/shared/dist/runtime/constants-
B8tEdUlH.js
1491 2026-04-06+04:49:07.6070953850 /root/lumina
-clean-v6/node_modules/.pnpm/@clerk+shared@3.47.
3_react-dom@19.0.0_react@19.0.0__react@19.0.0/no
de_modules/@clerk/shared/dist/runtime/constants-
B8tEdUlH.js.map
1188 2026-04-06+04:49:14.7390953820 /root/lumina
-clean-v6/node_modules/.pnpm/@clerk+shared@3.47.
3_react-dom@19.0.0_react@19.0.0__react@19.0.0/no
de_modules/@clerk/shared/dist/runtime/constants-
ByUssRbE.mjs
1491 2026-04-06+04:49:07.6830953850 /root/lumina
-clean-v6/node_modules/.pnpm/@clerk+shared@3.47.
3_react-dom@19.0.0_react@19.0.0__react@19.0.0/no
de_modules/@clerk/shared/dist/runtime/constants-
ByUssRbE.mjs.map
429 2026-04-06+04:49:17.7750953810 /root/lumina-
clean-v6/node_modules/.pnpm/@clerk+shared@3.47.3
_react-dom@19.0.0_react@19.0.0__react@19.0.0/nod
e_modules/@clerk/shared/dist/runtime/constants.d
.mts
872 2026-04-06+04:49:19.4510953800 /root/lumina-
clean-v6/node_modules/.pnpm/@clerk+shared@3.47.3
_react-dom@19.0.0_react@19.0.0__react@19.0.0/nod
e_modules/@clerk/shared/dist/runtime/constants-D
P5-fAPw.d.ts
368 2026-04-06+04:49:07.7390953850 /root/lumina-
clean-v6/node_modules/.pnpm/@clerk+shared@3.47.3
_react-dom@19.0.0_react@19.0.0__react@19.0.0/nod
e_modules/@clerk/shared/dist/runtime/constants-D
P5-fAPw.d.ts.map
428 2026-04-06+04:49:19.4710953800 /root/lumina-
clean-v6/node_modules/.pnpm/@clerk+shared@3.47.3
_react-dom@19.0.0_react@19.0.0__react@19.0.0/nod
e_modules/@clerk/shared/dist/runtime/constants.d
.ts
681 2026-04-06+04:49:04.3070953860 /root/lumina-
clean-v6/node_modules/.pnpm/@clerk+shared@3.47.3
_react-dom@19.0.0_react@19.0.0__react@19.0.0/nod
e_modules/@clerk/shared/dist/runtime/constants.j
s
430 2026-04-06+04:49:14.7750953820 /root/lumina-
clean-v6/node_modules/.pnpm/@clerk+shared@3.47.3
_react-dom@19.0.0_react@19.0.0__react@19.0.0/nod
e_modules/@clerk/shared/dist/runtime/constants.m
js
873 2026-04-06+04:49:17.7550953810 /root/lumina-
clean-v6/node_modules/.pnpm/@clerk+shared@3.47.3
_react-dom@19.0.0_react@19.0.0__react@19.0.0/nod
e_modules/@clerk/shared/dist/runtime/constants-U
OcJjdve.d.mts
369 2026-04-06+04:49:07.7630953850 /root/lumina-
clean-v6/node_modules/.pnpm/@clerk+shared@3.47.3
_react-dom@19.0.0_react@19.0.0__react@19.0.0/nod
e_modules/@clerk/shared/dist/runtime/constants-U
OcJjdve.d.mts.map
1032 2026-04-06+04:49:17.7910953810 /root/lumina
-clean-v6/node_modules/.pnpm/@clerk+shared@3.47.
3_react-dom@19.0.0_react@19.0.0__react@19.0.0/no
de_modules/@clerk/shared/dist/runtime/cookie.d.m
ts
186 2026-04-06+04:49:07.7910953850 /root/lumina-
clean-v6/node_modules/.pnpm/@clerk+shared@3.47.3
_react-dom@19.0.0_react@19.0.0__react@19.0.0/nod
e_modules/@clerk/shared/dist/runtime/cookie.d.mt
s.map
1031 2026-04-06+04:49:19.4910953800 /root/lumina
-clean-v6/node_modules/.pnpm/@clerk+shared@3.47.
3_react-dom@19.0.0_react@19.0.0__react@19.0.0/no
de_modules/@clerk/shared/dist/runtime/cookie.d.t
s
185 2026-04-06+04:49:07.7990953850 /root/lumina-
clean-v6/node_modules/.pnpm/@clerk+shared@3.47.3
_react-dom@19.0.0_react@19.0.0__react@19.0.0/nod
e_modules/@clerk/shared/dist/runtime/cookie.d.ts
.map
788 2026-04-06+04:49:04.3150953860 /root/lumina-
clean-v6/node_modules/.pnpm/@clerk+shared@3.47.3
_react-dom@19.0.0_react@19.0.0__react@19.0.0/nod
e_modules/@clerk/shared/dist/runtime/cookie.js
1506 2026-04-06+04:49:07.8150953850 /root/lumina
-clean-v6/node_modules/.pnpm/@clerk+shared@3.47.
3_react-dom@19.0.0_react@19.0.0__react@19.0.0/no
de_modules/@clerk/shared/dist/runtime/cookie.js.
map
635 2026-04-06+04:49:14.8030953820 /root/lumina-
clean-v6/node_modules/.pnpm/@clerk+shared@3.47.3
_react-dom@19.0.0_react@19.0.0__react@19.0.0/nod
e_modules/@clerk/shared/dist/runtime/cookie.mjs
1492 2026-04-06+04:49:07.8230953850 /root/lumina
-clean-v6/node_modules/.pnpm/@clerk+shared@3.47.
3_react-dom@19.0.0_react@19.0.0__react@19.0.0/no
de_modules/@clerk/shared/dist/runtime/cookie.mjs
.map
719 2026-04-06+04:49:04.3270953860 /root/lumina-
clean-v6/node_modules/.pnpm/@clerk+shared@3.47.3
_react-dom@19.0.0_react@19.0.0__react@19.0.0/nod
e_modules/@clerk/shared/dist/runtime/createDefer
redPromise-BgvUcqYv.js
868 2026-04-06+04:49:07.8350953850 /root/lumina-
clean-v6/node_modules/.pnpm/@clerk+shared@3.47.3
_react-dom@19.0.0_react@19.0.0__react@19.0.0/nod
e_modules/@clerk/shared/dist/runtime/createDefer
redPromise-BgvUcqYv.js.map
579 2026-04-06+04:49:14.8190953820 /root/lumina-
clean-v6/node_modules/.pnpm/@clerk+shared@3.47.3
_react-dom@19.0.0_react@19.0.0__react@19.0.0/nod
e_modules/@clerk/shared/dist/runtime/createDefer
redPromise-CjYZzUuU.mjs
860 2026-04-06+04:49:07.8470953850 /root/lumina-
clean-v6/node_modules/.pnpm/@clerk+shared@3.47.3
_react-dom@19.0.0_react@19.0.0__react@19.0.0/nod
e_modules/@clerk/shared/dist/runtime/createDefer
redPromise-CjYZzUuU.mjs.map
1799 2026-04-06+04:49:14.8710953820 /root/lumina
-clean-v6/node_modules/.pnpm/@clerk+shared@3.47.
3_react-dom@19.0.0_react@19.0.0__react@19.0.0/no
de_modules/@clerk/shared/dist/runtime/date-C3rGo
2Qx.mjs
3588 2026-04-06+04:49:07.8550953850 /root/lumina
-clean-v6/node_modules/.pnpm/@clerk+shared@3.47.
3_react-dom@19.0.0_react@19.0.0__react@19.0.0/no
de_modules/@clerk/shared/dist/runtime/date-C3rGo
2Qx.mjs.map
913 2026-04-06+04:49:19.5070953800 /root/lumina-
clean-v6/node_modules/.pnpm/@clerk+shared@3.47.3
_react-dom@19.0.0_react@19.0.0__react@19.0.0/nod
e_modules/@clerk/shared/dist/runtime/date-DDNRUU
0r.d.ts
672 2026-04-06+04:49:07.8670953850 /root/lumina-
clean-v6/node_modules/.pnpm/@clerk+shared@3.47.3
_react-dom@19.0.0_react@19.0.0__react@19.0.0/nod
e_modules/@clerk/shared/dist/runtime/date-DDNRUU
0r.d.ts.map
914 2026-04-06+04:49:17.7950953810 /root/lumina-
clean-v6/node_modules/.pnpm/@clerk+shared@3.47.3
_react-dom@19.0.0_react@19.0.0__react@19.0.0/nod
e_modules/@clerk/shared/dist/runtime/date-DIGfFk
oy.d.mts
673 2026-04-06+04:49:07.8790953850 /root/lumina-
clean-v6/node_modules/.pnpm/@clerk+shared@3.47.3
_react-dom@19.0.0_react@19.0.0__react@19.0.0/nod
e_modules/@clerk/shared/dist/runtime/date-DIGfFk
oy.d.mts.map
254 2026-04-06+04:49:17.7950953810 /root/lumina-
clean-v6/node_modules/.pnpm/@clerk+shared@3.47.3
_react-dom@19.0.0_react@19.0.0__react@19.0.0/nod
e_modules/@clerk/shared/dist/runtime/date.d.mts
2348 2026-04-06+04:49:04.3390953860 /root/lumina
-clean-v6/node_modules/.pnpm/@clerk+shared@3.47.
3_react-dom@19.0.0_react@19.0.0__react@19.0.0/no
de_modules/@clerk/shared/dist/runtime/date-DNGgJ
HFN.js
3588 2026-04-06+04:49:07.8910953850 /root/lumina
-clean-v6/node_modules/.pnpm/@clerk+shared@3.47.
3_react-dom@19.0.0_react@19.0.0__react@19.0.0/no
de_modules/@clerk/shared/dist/runtime/date-DNGgJ
HFN.js.map
253 2026-04-06+04:49:19.5230953800 /root/lumina-
clean-v6/node_modules/.pnpm/@clerk+shared@3.47.3
_react-dom@19.0.0_react@19.0.0__react@19.0.0/nod
e_modules/@clerk/shared/dist/runtime/date.d.ts
332 2026-04-06+04:49:04.3510953860 /root/lumina-
clean-v6/node_modules/.pnpm/@clerk+shared@3.47.3
_react-dom@19.0.0_react@19.0.0__react@19.0.0/nod
e_modules/@clerk/shared/dist/runtime/date.js
219 2026-04-06+04:49:14.9190953820 /root/lumina-
clean-v6/node_modules/.pnpm/@clerk+shared@3.47.3
_react-dom@19.0.0_react@19.0.0__react@19.0.0/nod
e_modules/@clerk/shared/dist/runtime/date.mjs
2456 2026-04-06+04:49:04.3630953860 /root/lumina
-clean-v6/node_modules/.pnpm/@clerk+shared@3.47.
3_react-dom@19.0.0_react@19.0.0__react@19.0.0/no
de_modules/@clerk/shared/dist/runtime/deprecated
-B-fX5ZX6.js
3700 2026-04-06+04:49:07.9030953850 /root/lumina
-clean-v6/node_modules/.pnpm/@clerk+shared@3.47.
3_react-dom@19.0.0_react@19.0.0__react@19.0.0/no
de_modules/@clerk/shared/dist/runtime/deprecated
-B-fX5ZX6.js.map
1364 2026-04-06+04:49:19.5350953800 /root/lumina
-clean-v6/node_modules/.pnpm/@clerk+shared@3.47.
3_react-dom@19.0.0_react@19.0.0__react@19.0.0/no
de_modules/@clerk/shared/dist/runtime/deprecated
-BnVl0yxv.d.ts
222 2026-04-06+04:49:07.9150953850 /root/lumina-
clean-v6/node_modules/.pnpm/@clerk+shared@3.47.3
_react-dom@19.0.0_react@19.0.0__react@19.0.0/nod
e_modules/@clerk/shared/dist/runtime/deprecated-
BnVl0yxv.d.ts.map
2087 2026-04-06+04:49:14.9550953820 /root/lumina
-clean-v6/node_modules/.pnpm/@clerk+shared@3.47.
3_react-dom@19.0.0_react@19.0.0__react@19.0.0/no
de_modules/@clerk/shared/dist/runtime/deprecated
-BqlFbLHj.mjs
3654 2026-04-06+04:49:07.9270953850 /root/lumina
-clean-v6/node_modules/.pnpm/@clerk+shared@3.47.
3_react-dom@19.0.0_react@19.0.0__react@19.0.0/no
de_modules/@clerk/shared/dist/runtime/deprecated
-BqlFbLHj.mjs.map
1365 2026-04-06+04:49:17.8110953810 /root/lumina
-clean-v6/node_modules/.pnpm/@clerk+shared@3.47.
3_react-dom@19.0.0_react@19.0.0__react@19.0.0/no
de_modules/@clerk/shared/dist/runtime/deprecated
-BRApxWmG.d.mts
223 2026-04-06+04:49:07.9390953840 /root/lumina-
clean-v6/node_modules/.pnpm/@clerk+shared@3.47.3
_react-dom@19.0.0_react@19.0.0__react@19.0.0/nod
e_modules/@clerk/shared/dist/runtime/deprecated-
BRApxWmG.d.mts.map
170 2026-04-06+04:49:17.8310953810 /root/lumina-
clean-v6/node_modules/.pnpm/@clerk+shared@3.47.3
_react-dom@19.0.0_react@19.0.0__react@19.0.0/nod
e_modules/@clerk/shared/dist/runtime/deprecated.
d.mts
169 2026-04-06+04:49:19.5470953800 /root/lumina-
clean-v6/node_modules/.pnpm/@clerk+shared@3.47.3
_react-dom@19.0.0_react@19.0.0__react@19.0.0/nod
e_modules/@clerk/shared/dist/runtime/deprecated.
d.ts
309 2026-04-06+04:49:04.3750953860 /root/lumina-
clean-v6/node_modules/.pnpm/@clerk+shared@3.47.3
_react-dom@19.0.0_react@19.0.0__react@19.0.0/nod
e_modules/@clerk/shared/dist/runtime/deprecated.
js
215 2026-04-06+04:49:14.9870953820 /root/lumina-
clean-v6/node_modules/.pnpm/@clerk+shared@3.47.3
_react-dom@19.0.0_react@19.0.0__react@19.0.0/nod
e_modules/@clerk/shared/dist/runtime/deprecated.
mjs
2249 2026-04-06+04:49:04.3870953860 /root/lumina
-clean-v6/node_modules/.pnpm/@clerk+shared@3.47.
3_react-dom@19.0.0_react@19.0.0__react@19.0.0/no
de_modules/@clerk/shared/dist/runtime/deriveStat
e-Bsd1S6r4.js
4340 2026-04-06+04:49:07.9470953840 /root/lumina
-clean-v6/node_modules/.pnpm/@clerk+shared@3.47.
3_react-dom@19.0.0_react@19.0.0__react@19.0.0/no
de_modules/@clerk/shared/dist/runtime/deriveStat
e-Bsd1S6r4.js.map
2152 2026-04-06+04:49:15.0190953820 /root/lumina
-clean-v6/node_modules/.pnpm/@clerk+shared@3.47.
3_react-dom@19.0.0_react@19.0.0__react@19.0.0/no
de_modules/@clerk/shared/dist/runtime/deriveStat
e-ChDqlleE.mjs
4340 2026-04-06+04:49:07.9670953840 /root/lumina
-clean-v6/node_modules/.pnpm/@clerk+shared@3.47.
3_react-dom@19.0.0_react@19.0.0__react@19.0.0/no
de_modules/@clerk/shared/dist/runtime/deriveStat
e-ChDqlleE.mjs.map
112 2026-04-06+04:49:17.9230953810 /root/lumina-
clean-v6/node_modules/.pnpm/@clerk+shared@3.47.3
_react-dom@19.0.0_react@19.0.0__react@19.0.0/nod
e_modules/@clerk/shared/dist/runtime/deriveState
.d.mts
1152 2026-04-06+04:49:17.9110953810 /root/lumina
-clean-v6/node_modules/.pnpm/@clerk+shared@3.47.
3_react-dom@19.0.0_react@19.0.0__react@19.0.0/no
de_modules/@clerk/shared/dist/runtime/deriveStat
e-DT4CBMrC.d.mts
290 2026-04-06+04:49:07.9750953840 /root/lumina-
clean-v6/node_modules/.pnpm/@clerk+shared@3.47.3
_react-dom@19.0.0_react@19.0.0__react@19.0.0/nod
e_modules/@clerk/shared/dist/runtime/deriveState
-DT4CBMrC.d.mts.map
110 2026-04-06+04:49:19.5910953800 /root/lumina-
clean-v6/node_modules/.pnpm/@clerk+shared@3.47.3
_react-dom@19.0.0_react@19.0.0__react@19.0.0/nod
e_modules/@clerk/shared/dist/runtime/deriveState
.d.ts
121 2026-04-06+04:49:04.3990953860 /root/lumina-
clean-v6/node_modules/.pnpm/@clerk+shared@3.47.3
_react-dom@19.0.0_react@19.0.0__react@19.0.0/nod
e_modules/@clerk/shared/dist/runtime/deriveState
.js
82 2026-04-06+04:49:15.0550953820 /root/lumina-c
lean-v6/node_modules/.pnpm/@clerk+shared@3.47.3_
react-dom@19.0.0_react@19.0.0__react@19.0.0/node
_modules/@clerk/shared/dist/runtime/deriveState.
mjs
1150 2026-04-06+04:49:19.5630953800 /root/lumina
-clean-v6/node_modules/.pnpm/@clerk+shared@3.47.
3_react-dom@19.0.0_react@19.0.0__react@19.0.0/no
de_modules/@clerk/shared/dist/runtime/deriveStat
e-yQgOjwo8.d.ts
289 2026-04-06+04:49:08.0070953840 /root/lumina-
clean-v6/node_modules/.pnpm/@clerk+shared@3.47.3
_react-dom@19.0.0_react@19.0.0__react@19.0.0/nod
e_modules/@clerk/shared/dist/runtime/deriveState
-yQgOjwo8.d.ts.map
631 2026-04-06+04:49:17.9390953810 /root/lumina-
clean-v6/node_modules/.pnpm/@clerk+shared@3.47.3
_react-dom@19.0.0_react@19.0.0__react@19.0.0/nod
e_modules/@clerk/shared/dist/runtime/devBrowser-
DGNGESpp.d.mts
279 2026-04-06+04:49:08.0390953840 /root/lumina-
clean-v6/node_modules/.pnpm/@clerk+shared@3.47.3
_react-dom@19.0.0_react@19.0.0__react@19.0.0/nod
e_modules/@clerk/shared/dist/runtime/devBrowser-
DGNGESpp.d.mts.map
2944 2026-04-06+04:49:04.4190953860 /root/lumina
-clean-v6/node_modules/.pnpm/@clerk+shared@3.47.
3_react-dom@19.0.0_react@19.0.0__react@19.0.0/no
de_modules/@clerk/shared/dist/runtime/devBrowser
-DGSLF_56.js
3673 2026-04-06+04:49:08.0510953840 /root/lumina
-clean-v6/node_modules/.pnpm/@clerk+shared@3.47.
3_react-dom@19.0.0_react@19.0.0__react@19.0.0/no
de_modules/@clerk/shared/dist/runtime/devBrowser
-DGSLF_56.js.map
2478 2026-04-06+04:49:15.0830953820 /root/lumina
-clean-v6/node_modules/.pnpm/@clerk+shared@3.47.
3_react-dom@19.0.0_react@19.0.0__react@19.0.0/no
de_modules/@clerk/shared/dist/runtime/devBrowser
-Dm-lbUnV.mjs
3673 2026-04-06+04:49:08.0550953840 /root/lumina
-clean-v6/node_modules/.pnpm/@clerk+shared@3.47.
3_react-dom@19.0.0_react@19.0.0__react@19.0.0/no
de_modules/@clerk/shared/dist/runtime/devBrowser
-Dm-lbUnV.mjs.map
248 2026-04-06+04:49:17.9670953810 /root/lumina-
clean-v6/node_modules/.pnpm/@clerk+shared@3.47.3
_react-dom@19.0.0_react@19.0.0__react@19.0.0/nod
e_modules/@clerk/shared/dist/runtime/devBrowser.
d.mts
247 2026-04-06+04:49:19.6150953800 /root/lumina-
clean-v6/node_modules/.pnpm/@clerk+shared@3.47.3
_react-dom@19.0.0_react@19.0.0__react@19.0.0/nod
e_modules/@clerk/shared/dist/runtime/devBrowser.
d.ts
630 2026-04-06+04:49:19.6030953800 /root/lumina-
clean-v6/node_modules/.pnpm/@clerk+shared@3.47.3
_react-dom@19.0.0_react@19.0.0__react@19.0.0/nod
e_modules/@clerk/shared/dist/runtime/devBrowser-
ezvLE7uo.d.ts
278 2026-04-06+04:49:08.0990953840 /root/lumina-
clean-v6/node_modules/.pnpm/@clerk+shared@3.47.3
_react-dom@19.0.0_react@19.0.0__react@19.0.0/nod
e_modules/@clerk/shared/dist/runtime/devBrowser-
ezvLE7uo.d.ts.map
370 2026-04-06+04:49:04.4350953860 /root/lumina-
clean-v6/node_modules/.pnpm/@clerk+shared@3.47.3
_react-dom@19.0.0_react@19.0.0__react@19.0.0/nod
e_modules/@clerk/shared/dist/runtime/devBrowser.
js
249 2026-04-06+04:49:15.1270953820 /root/lumina-
clean-v6/node_modules/.pnpm/@clerk+shared@3.47.3
_react-dom@19.0.0_react@19.0.0__react@19.0.0/nod
e_modules/@clerk/shared/dist/runtime/devBrowser.
mjs
91 2026-04-06+04:49:18.1350953810 /root/lumina-c
lean-v6/node_modules/.pnpm/@clerk+shared@3.47.3_
react-dom@19.0.0_react@19.0.0__react@19.0.0/node
_modules/@clerk/shared/dist/runtime/dom/index.d.
mts
90 2026-04-06+04:49:19.8910953800 /root/lumina-c
lean-v6/node_modules/.pnpm/@clerk+shared@3.47.3_
react-dom@19.0.0_react@19.0.0__react@19.0.0/node
_modules/@clerk/shared/dist/runtime/dom/index.d.
ts
137 2026-04-06+04:49:04.5790953860 /root/lumina-
clean-v6/node_modules/.pnpm/@clerk+shared@3.47.3
_react-dom@19.0.0_react@19.0.0__react@19.0.0/nod
e_modules/@clerk/shared/dist/runtime/dom/index.j
s
92 2026-04-06+04:49:15.4710953820 /root/lumina-c
lean-v6/node_modules/.pnpm/@clerk+shared@3.47.3_
react-dom@19.0.0_react@19.0.0__react@19.0.0/node
_modules/@clerk/shared/dist/runtime/dom/index.mj
s
91 2026-04-06+04:49:19.0830953800 /root/lumina-c
lean-v6/node_modules/.pnpm/@clerk+shared@3.47.3_
react-dom@19.0.0_react@19.0.0__react@19.0.0/node
_modules/@clerk/shared/dist/runtime/dom/waitForE
lement.d.mts
90 2026-04-06+04:49:21.9350953790 /root/lumina-c
lean-v6/node_modules/.pnpm/@clerk+shared@3.47.3_
react-dom@19.0.0_react@19.0.0__react@19.0.0/node
_modules/@clerk/shared/dist/runtime/dom/waitForE
lement.d.ts
137 2026-04-06+04:49:05.8630953850 /root/lumina-
clean-v6/node_modules/.pnpm/@clerk+shared@3.47.3
_react-dom@19.0.0_react@19.0.0__react@19.0.0/nod
e_modules/@clerk/shared/dist/runtime/dom/waitFor
Element.js
92 2026-04-06+04:49:17.1430953810 /root/lumina-c
lean-v6/node_modules/.pnpm/@clerk+shared@3.47.3_
react-dom@19.0.0_react@19.0.0__react@19.0.0/node
_modules/@clerk/shared/dist/runtime/dom/waitForE
lement.mjs
18064 2026-04-06+04:49:04.4510953860 /root/lumin
a-clean-v6/node_modules/.pnpm/@clerk+shared@3.47
.3_react-dom@19.0.0_react@19.0.0__react@19.0.0/n
ode_modules/@clerk/shared/dist/runtime/error-DIe
XY7Ki.js
27702 2026-04-06+04:49:08.1750953840 /root/lumin
a-clean-v6/node_modules/.pnpm/@clerk+shared@3.47
.3_react-dom@19.0.0_react@19.0.0__react@19.0.0/n
ode_modules/@clerk/shared/dist/runtime/error-DIe
XY7Ki.js.map
14766 2026-04-06+04:49:15.1550953820 /root/lumin
a-clean-v6/node_modules/.pnpm/@clerk+shared@3.47
.3_react-dom@19.0.0_react@19.0.0__react@19.0.0/n
ode_modules/@clerk/shared/dist/runtime/error-Dl9
xmUf3.mjs
27702 2026-04-06+04:49:08.1950953840 /root/lumin
a-clean-v6/node_modules/.pnpm/@clerk+shared@3.47
.3_react-dom@19.0.0_react@19.0.0__react@19.0.0/n
ode_modules/@clerk/shared/dist/runtime/error-Dl9
xmUf3.mjs.map
1296 2026-04-06+04:49:18.0070953810 /root/lumina
-clean-v6/node_modules/.pnpm/@clerk+shared@3.47.
3_react-dom@19.0.0_react@19.0.0__react@19.0.0/no
de_modules/@clerk/shared/dist/runtime/error.d.mt
s
1294 2026-04-06+04:49:19.6470953800 /root/lumina
-clean-v6/node_modules/.pnpm/@clerk+shared@3.47.
3_react-dom@19.0.0_react@19.0.0__react@19.0.0/no
de_modules/@clerk/shared/dist/runtime/error.d.ts
7433 2026-04-06+04:49:19.6310953800 /root/lumina
-clean-v6/node_modules/.pnpm/@clerk+shared@3.47.
3_react-dom@19.0.0_react@19.0.0__react@19.0.0/no
de_modules/@clerk/shared/dist/runtime/error-DvI8
wV_Q.d.ts
2575 2026-04-06+04:49:08.6990953840 /root/lumina
-clean-v6/node_modules/.pnpm/@clerk+shared@3.47.
3_react-dom@19.0.0_react@19.0.0__react@19.0.0/no
de_modules/@clerk/shared/dist/runtime/error-DvI8
wV_Q.d.ts.map
1829 2026-04-06+04:49:04.4630953860 /root/lumina
-clean-v6/node_modules/.pnpm/@clerk+shared@3.47.
3_react-dom@19.0.0_react@19.0.0__react@19.0.0/no
de_modules/@clerk/shared/dist/runtime/error.js
1158 2026-04-06+04:49:15.1830953820 /root/lumina
-clean-v6/node_modules/.pnpm/@clerk+shared@3.47.
3_react-dom@19.0.0_react@19.0.0__react@19.0.0/no
de_modules/@clerk/shared/dist/runtime/error.mjs
7435 2026-04-06+04:49:17.9790953810 /root/lumina
-clean-v6/node_modules/.pnpm/@clerk+shared@3.47.
3_react-dom@19.0.0_react@19.0.0__react@19.0.0/no
de_modules/@clerk/shared/dist/runtime/error-ZZun
0g5R.d.mts
2576 2026-04-06+04:49:08.7150953840 /root/lumina
-clean-v6/node_modules/.pnpm/@clerk+shared@3.47.
3_react-dom@19.0.0_react@19.0.0__react@19.0.0/no
de_modules/@clerk/shared/dist/runtime/error-ZZun
0g5R.d.mts.map
4372 2026-04-06+04:49:18.0230953810 /root/lumina
-clean-v6/node_modules/.pnpm/@clerk+shared@3.47.
3_react-dom@19.0.0_react@19.0.0__react@19.0.0/no
de_modules/@clerk/shared/dist/runtime/eventBus.d
.mts
1004 2026-04-06+04:49:08.7430953840 /root/lumina
-clean-v6/node_modules/.pnpm/@clerk+shared@3.47.
3_react-dom@19.0.0_react@19.0.0__react@19.0.0/no
de_modules/@clerk/shared/dist/runtime/eventBus.d
.mts.map
4371 2026-04-06+04:49:19.6710953800 /root/lumina
-clean-v6/node_modules/.pnpm/@clerk+shared@3.47.
3_react-dom@19.0.0_react@19.0.0__react@19.0.0/no
de_modules/@clerk/shared/dist/runtime/eventBus.d
.ts
1003 2026-04-06+04:49:08.8190953840 /root/lumina
-clean-v6/node_modules/.pnpm/@clerk+shared@3.47.
3_react-dom@19.0.0_react@19.0.0__react@19.0.0/no
de_modules/@clerk/shared/dist/runtime/eventBus.d
.ts.map
3227 2026-04-06+04:49:04.4710953860 /root/lumina
-clean-v6/node_modules/.pnpm/@clerk+shared@3.47.
3_react-dom@19.0.0_react@19.0.0__react@19.0.0/no
de_modules/@clerk/shared/dist/runtime/eventBus-D
wIqUhlf.js
8720 2026-04-06+04:49:08.7310953840 /root/lumina
-clean-v6/node_modules/.pnpm/@clerk+shared@3.47.
3_react-dom@19.0.0_react@19.0.0__react@19.0.0/no
de_modules/@clerk/shared/dist/runtime/eventBus-D
wIqUhlf.js.map
118 2026-04-06+04:49:04.4790953860 /root/lumina-
clean-v6/node_modules/.pnpm/@clerk+shared@3.47.3
_react-dom@19.0.0_react@19.0.0__react@19.0.0/nod
e_modules/@clerk/shared/dist/runtime/eventBus.js
85 2026-04-06+04:49:15.2470953820 /root/lumina-c
lean-v6/node_modules/.pnpm/@clerk+shared@3.47.3_
react-dom@19.0.0_react@19.0.0__react@19.0.0/node
_modules/@clerk/shared/dist/runtime/eventBus.mjs
3127 2026-04-06+04:49:15.2150953820 /root/lumina
-clean-v6/node_modules/.pnpm/@clerk+shared@3.47.
3_react-dom@19.0.0_react@19.0.0__react@19.0.0/no
de_modules/@clerk/shared/dist/runtime/eventBus-U
pdW-1JB.mjs
8720 2026-04-06+04:49:08.7390953840 /root/lumina
-clean-v6/node_modules/.pnpm/@clerk+shared@3.47.
3_react-dom@19.0.0_react@19.0.0__react@19.0.0/no
de_modules/@clerk/shared/dist/runtime/eventBus-U
pdW-1JB.mjs.map
712 2026-04-06+04:49:19.6870953800 /root/lumina-
clean-v6/node_modules/.pnpm/@clerk+shared@3.47.3
_react-dom@19.0.0_react@19.0.0__react@19.0.0/nod
e_modules/@clerk/shared/dist/runtime/file-B_f0oD
8h.d.ts
216 2026-04-06+04:49:08.8270953840 /root/lumina-
clean-v6/node_modules/.pnpm/@clerk+shared@3.47.3
_react-dom@19.0.0_react@19.0.0__react@19.0.0/nod
e_modules/@clerk/shared/dist/runtime/file-B_f0oD
8h.d.ts.map
713 2026-04-06+04:49:18.0230953810 /root/lumina-
clean-v6/node_modules/.pnpm/@clerk+shared@3.47.3
_react-dom@19.0.0_react@19.0.0__react@19.0.0/nod
e_modules/@clerk/shared/dist/runtime/file-BgHDMp
4o.d.mts
217 2026-04-06+04:49:08.8350953840 /root/lumina-
clean-v6/node_modules/.pnpm/@clerk+shared@3.47.3
_react-dom@19.0.0_react@19.0.0__react@19.0.0/nod
e_modules/@clerk/shared/dist/runtime/file-BgHDMp
4o.d.mts.map
995 2026-04-06+04:49:04.4950953860 /root/lumina-
clean-v6/node_modules/.pnpm/@clerk+shared@3.47.3
_react-dom@19.0.0_react@19.0.0__react@19.0.0/nod
e_modules/@clerk/shared/dist/runtime/file-CLbjMO
tb.js
1398 2026-04-06+04:49:08.8430953840 /root/lumina
-clean-v6/node_modules/.pnpm/@clerk+shared@3.47.
3_react-dom@19.0.0_react@19.0.0__react@19.0.0/no
de_modules/@clerk/shared/dist/runtime/file-CLbjM
Otb.js.map
136 2026-04-06+04:49:18.0310953810 /root/lumina-
clean-v6/node_modules/.pnpm/@clerk+shared@3.47.3
_react-dom@19.0.0_react@19.0.0__react@19.0.0/nod
e_modules/@clerk/shared/dist/runtime/file.d.mts
791 2026-04-06+04:49:15.2830953820 /root/lumina-
clean-v6/node_modules/.pnpm/@clerk+shared@3.47.3
_react-dom@19.0.0_react@19.0.0__react@19.0.0/nod
e_modules/@clerk/shared/dist/runtime/file-dPuNkU
4Q.mjs
1398 2026-04-06+04:49:08.8550953840 /root/lumina
-clean-v6/node_modules/.pnpm/@clerk+shared@3.47.
3_react-dom@19.0.0_react@19.0.0__react@19.0.0/no
de_modules/@clerk/shared/dist/runtime/file-dPuNk
U4Q.mjs.map
135 2026-04-06+04:49:19.7110953800 /root/lumina-
clean-v6/node_modules/.pnpm/@clerk+shared@3.47.3
_react-dom@19.0.0_react@19.0.0__react@19.0.0/nod
e_modules/@clerk/shared/dist/runtime/file.d.ts
146 2026-04-06+04:49:04.5110953860 /root/lumina-
clean-v6/node_modules/.pnpm/@clerk+shared@3.47.3
_react-dom@19.0.0_react@19.0.0__react@19.0.0/nod
e_modules/@clerk/shared/dist/runtime/file.js
99 2026-04-06+04:49:15.3110953820 /root/lumina-c
lean-v6/node_modules/.pnpm/@clerk+shared@3.47.3_
react-dom@19.0.0_react@19.0.0__react@19.0.0/node
_modules/@clerk/shared/dist/runtime/file.mjs
506 2026-04-06+04:49:18.0350953810 /root/lumina-
clean-v6/node_modules/.pnpm/@clerk+shared@3.47.3
_react-dom@19.0.0_react@19.0.0__react@19.0.0/nod
e_modules/@clerk/shared/dist/runtime/getEnvVaria
ble-58tQPflG.d.mts
163 2026-04-06+04:49:08.8670953840 /root/lumina-
clean-v6/node_modules/.pnpm/@clerk+shared@3.47.3
_react-dom@19.0.0_react@19.0.0__react@19.0.0/nod
e_modules/@clerk/shared/dist/runtime/getEnvVaria
ble-58tQPflG.d.mts.map
1217 2026-04-06+04:49:04.5190953860 /root/lumina
-clean-v6/node_modules/.pnpm/@clerk+shared@3.47.
3_react-dom@19.0.0_react@19.0.0__react@19.0.0/no
de_modules/@clerk/shared/dist/runtime/getEnvVari
able-BBmyrE42.js
2165 2026-04-06+04:49:08.8790953840 /root/lumina
-clean-v6/node_modules/.pnpm/@clerk+shared@3.47.
3_react-dom@19.0.0_react@19.0.0__react@19.0.0/no
de_modules/@clerk/shared/dist/runtime/getEnvVari
able-BBmyrE42.js.map
505 2026-04-06+04:49:19.7270953800 /root/lumina-
clean-v6/node_modules/.pnpm/@clerk+shared@3.47.3
_react-dom@19.0.0_react@19.0.0__react@19.0.0/nod
e_modules/@clerk/shared/dist/runtime/getEnvVaria
ble-BcT_PqmA.d.ts
162 2026-04-06+04:49:08.8910953840 /root/lumina-
clean-v6/node_modules/.pnpm/@clerk+shared@3.47.3
_react-dom@19.0.0_react@19.0.0__react@19.0.0/nod
e_modules/@clerk/shared/dist/runtime/getEnvVaria
ble-BcT_PqmA.d.ts.map
1153 2026-04-06+04:49:15.3430953820 /root/lumina
-clean-v6/node_modules/.pnpm/@clerk+shared@3.47.
3_react-dom@19.0.0_react@19.0.0__react@19.0.0/no
de_modules/@clerk/shared/dist/runtime/getEnvVari
able-BSXrgsT3.mjs
2200 2026-04-06+04:49:08.8990953840 /root/lumina
-clean-v6/node_modules/.pnpm/@clerk+shared@3.47.
3_react-dom@19.0.0_react@19.0.0__react@19.0.0/no
de_modules/@clerk/shared/dist/runtime/getEnvVari
able-BSXrgsT3.mjs.map
90 2026-04-06+04:49:18.0350953810 /root/lumina-c
lean-v6/node_modules/.pnpm/@clerk+shared@3.47.3_
react-dom@19.0.0_react@19.0.0__react@19.0.0/node
_modules/@clerk/shared/dist/runtime/getEnvVariab
le.d.mts
89 2026-04-06+04:49:19.7510953800 /root/lumina-c
lean-v6/node_modules/.pnpm/@clerk+shared@3.47.3_
react-dom@19.0.0_react@19.0.0__react@19.0.0/node
_modules/@clerk/shared/dist/runtime/getEnvVariab
le.d.ts
136 2026-04-06+04:49:04.5350953860 /root/lumina-
clean-v6/node_modules/.pnpm/@clerk+shared@3.47.3
_react-dom@19.0.0_react@19.0.0__react@19.0.0/nod
e_modules/@clerk/shared/dist/runtime/getEnvVaria
ble.js
91 2026-04-06+04:49:15.3710953820 /root/lumina-c
lean-v6/node_modules/.pnpm/@clerk+shared@3.47.3_
react-dom@19.0.0_react@19.0.0__react@19.0.0/node
_modules/@clerk/shared/dist/runtime/getEnvVariab
le.mjs
159 2026-04-06+04:49:18.0350953810 /root/lumina-
clean-v6/node_modules/.pnpm/@clerk+shared@3.47.3
_react-dom@19.0.0_react@19.0.0__react@19.0.0/nod
e_modules/@clerk/shared/dist/runtime/globs.d.mts
168 2026-04-06+04:49:08.9110953840 /root/lumina-
clean-v6/node_modules/.pnpm/@clerk+shared@3.47.3
_react-dom@19.0.0_react@19.0.0__react@19.0.0/nod
e_modules/@clerk/shared/dist/runtime/globs.d.mts
.map
158 2026-04-06+04:49:19.7750953800 /root/lumina-
clean-v6/node_modules/.pnpm/@clerk+shared@3.47.3
_react-dom@19.0.0_react@19.0.0__react@19.0.0/nod
e_modules/@clerk/shared/dist/runtime/globs.d.ts
167 2026-04-06+04:49:08.9230953840 /root/lumina-
clean-v6/node_modules/.pnpm/@clerk+shared@3.47.3
_react-dom@19.0.0_react@19.0.0__react@19.0.0/nod
e_modules/@clerk/shared/dist/runtime/globs.d.ts.
map
532 2026-04-06+04:49:04.5470953860 /root/lumina-
clean-v6/node_modules/.pnpm/@clerk+shared@3.47.3
_react-dom@19.0.0_react@19.0.0__react@19.0.0/nod
e_modules/@clerk/shared/dist/runtime/globs.js
642 2026-04-06+04:49:08.9310953840 /root/lumina-
clean-v6/node_modules/.pnpm/@clerk+shared@3.47.3
_react-dom@19.0.0_react@19.0.0__react@19.0.0/nod
e_modules/@clerk/shared/dist/runtime/globs.js.ma
p
398 2026-04-06+04:49:15.3990953820 /root/lumina-
clean-v6/node_modules/.pnpm/@clerk+shared@3.47.3
_react-dom@19.0.0_react@19.0.0__react@19.0.0/nod
e_modules/@clerk/shared/dist/runtime/globs.mjs
644 2026-04-06+04:49:08.9430953840 /root/lumina-
clean-v6/node_modules/.pnpm/@clerk+shared@3.47.3
_react-dom@19.0.0_react@19.0.0__react@19.0.0/nod
e_modules/@clerk/shared/dist/runtime/globs.mjs.m
ap
373 2026-04-06+04:49:18.0710953810 /root/lumina-
clean-v6/node_modules/.pnpm/@clerk+shared@3.47.3
_react-dom@19.0.0_react@19.0.0__react@19.0.0/nod
e_modules/@clerk/shared/dist/runtime/handleValue
OrFn-2pqr_dC8.d.mts
422 2026-04-06+04:49:08.9590953840 /root/lumina-
clean-v6/node_modules/.pnpm/@clerk+shared@3.47.3
_react-dom@19.0.0_react@19.0.0__react@19.0.0/nod
e_modules/@clerk/shared/dist/runtime/handleValue
OrFn-2pqr_dC8.d.mts.map
372 2026-04-06+04:49:19.8030953800 /root/lumina-
clean-v6/node_modules/.pnpm/@clerk+shared@3.47.3
_react-dom@19.0.0_react@19.0.0__react@19.0.0/nod
e_modules/@clerk/shared/dist/runtime/handleValue
OrFn-BpIDq7Ek.d.ts
421 2026-04-06+04:49:08.9670953840 /root/lumina-
clean-v6/node_modules/.pnpm/@clerk+shared@3.47.3
_react-dom@19.0.0_react@19.0.0__react@19.0.0/nod
e_modules/@clerk/shared/dist/runtime/handleValue
OrFn-BpIDq7Ek.d.ts.map
354 2026-04-06+04:49:15.4190953820 /root/lumina-
clean-v6/node_modules/.pnpm/@clerk+shared@3.47.3
_react-dom@19.0.0_react@19.0.0__react@19.0.0/nod
e_modules/@clerk/shared/dist/runtime/handleValue
OrFn-CcwnRX-K.mjs
889 2026-04-06+04:49:08.9790953840 /root/lumina-
clean-v6/node_modules/.pnpm/@clerk+shared@3.47.3
_react-dom@19.0.0_react@19.0.0__react@19.0.0/nod
e_modules/@clerk/shared/dist/runtime/handleValue
OrFn-CcwnRX-K.mjs.map
351 2026-04-06+04:49:18.0870953810 /root/lumina-
clean-v6/node_modules/.pnpm/@clerk+shared@3.47.3
_react-dom@19.0.0_react@19.0.0__react@19.0.0/nod
e_modules/@clerk/shared/dist/runtime/handleValue
OrFn.d.mts
153 2026-04-06+04:49:09.0110953840 /root/lumina-
clean-v6/node_modules/.pnpm/@clerk+shared@3.47.3
_react-dom@19.0.0_react@19.0.0__react@19.0.0/nod
e_modules/@clerk/shared/dist/runtime/handleValue
OrFn.d.mts.map
349 2026-04-06+04:49:19.8190953800 /root/lumina-
clean-v6/node_modules/.pnpm/@clerk+shared@3.47.3
_react-dom@19.0.0_react@19.0.0__react@19.0.0/nod
e_modules/@clerk/shared/dist/runtime/handleValue
OrFn.d.ts
152 2026-04-06+04:49:09.0230953840 /root/lumina-
clean-v6/node_modules/.pnpm/@clerk+shared@3.47.3
_react-dom@19.0.0_react@19.0.0__react@19.0.0/nod
e_modules/@clerk/shared/dist/runtime/handleValue
OrFn.d.ts.map
354 2026-04-06+04:49:04.5710953860 /root/lumina-
clean-v6/node_modules/.pnpm/@clerk+shared@3.47.3
_react-dom@19.0.0_react@19.0.0__react@19.0.0/nod
e_modules/@clerk/shared/dist/runtime/handleValue
OrFn.js
399 2026-04-06+04:49:09.0430953840 /root/lumina-
clean-v6/node_modules/.pnpm/@clerk+shared@3.47.3
_react-dom@19.0.0_react@19.0.0__react@19.0.0/nod
e_modules/@clerk/shared/dist/runtime/handleValue
OrFn.js.map
455 2026-04-06+04:49:04.5630953860 /root/lumina-
clean-v6/node_modules/.pnpm/@clerk+shared@3.47.3
_react-dom@19.0.0_react@19.0.0__react@19.0.0/nod
e_modules/@clerk/shared/dist/runtime/handleValue
OrFn-KR1byaCL.js
889 2026-04-06+04:49:08.9950953840 /root/lumina-
clean-v6/node_modules/.pnpm/@clerk+shared@3.47.3
_react-dom@19.0.0_react@19.0.0__react@19.0.0/nod
e_modules/@clerk/shared/dist/runtime/handleValue
OrFn-KR1byaCL.js.map
331 2026-04-06+04:49:15.4470953820 /root/lumina-
clean-v6/node_modules/.pnpm/@clerk+shared@3.47.3
_react-dom@19.0.0_react@19.0.0__react@19.0.0/nod
e_modules/@clerk/shared/dist/runtime/handleValue
OrFn.mjs
400 2026-04-06+04:49:09.0510953840 /root/lumina-
clean-v6/node_modules/.pnpm/@clerk+shared@3.47.3
_react-dom@19.0.0_react@19.0.0__react@19.0.0/nod
e_modules/@clerk/shared/dist/runtime/handleValue
OrFn.mjs.map
11 2026-04-06+04:49:19.8510953800 /root/lumina-c
lean-v6/node_modules/.pnpm/@clerk+shared@3.47.3_
react-dom@19.0.0_react@19.0.0__react@19.0.0/node
_modules/@clerk/shared/dist/runtime/index-B5F3Af
Vc.d.ts
401004 2026-04-06+04:49:19.8550953800 /root/lumi
na-clean-v6/node_modules/.pnpm/@clerk+shared@3.4
7.3_react-dom@19.0.0_react@19.0.0__react@19.0.0/
node_modules/@clerk/shared/dist/runtime/index-Bg
fSt8Sh.d.ts
195209 2026-04-06+04:49:09.0630953840 /root/lumi
na-clean-v6/node_modules/.pnpm/@clerk+shared@3.4
7.3_react-dom@19.0.0_react@19.0.0__react@19.0.0/
node_modules/@clerk/shared/dist/runtime/index-Bg
fSt8Sh.d.ts.map
11 2026-04-06+04:49:18.0950953810 /root/lumina-c
lean-v6/node_modules/.pnpm/@clerk+shared@3.47.3_
react-dom@19.0.0_react@19.0.0__react@19.0.0/node
_modules/@clerk/shared/dist/runtime/index-CoUVmp
_Q.d.mts
2059 2026-04-06+04:49:19.8590953800 /root/lumina
-clean-v6/node_modules/.pnpm/@clerk+shared@3.47.
3_react-dom@19.0.0_react@19.0.0__react@19.0.0/no
de_modules/@clerk/shared/dist/runtime/index-DcfX
AwQx.d.ts
629 2026-04-06+04:49:09.1110953840 /root/lumina-
clean-v6/node_modules/.pnpm/@clerk+shared@3.47.3
_react-dom@19.0.0_react@19.0.0__react@19.0.0/nod
e_modules/@clerk/shared/dist/runtime/index-DcfXA
wQx.d.ts.map
401005 2026-04-06+04:49:18.1150953810 /root/lumi
na-clean-v6/node_modules/.pnpm/@clerk+shared@3.4
7.3_react-dom@19.0.0_react@19.0.0__react@19.0.0/
node_modules/@clerk/shared/dist/runtime/index-dd
7stztF.d.mts
195209 2026-04-06+04:49:09.1230953840 /root/lumi
na-clean-v6/node_modules/.pnpm/@clerk+shared@3.4
7.3_react-dom@19.0.0_react@19.0.0__react@19.0.0/
node_modules/@clerk/shared/dist/runtime/index-dd
7stztF.d.mts.map
2060 2026-04-06+04:49:18.1270953810 /root/lumina
-clean-v6/node_modules/.pnpm/@clerk+shared@3.47.
3_react-dom@19.0.0_react@19.0.0__react@19.0.0/no
de_modules/@clerk/shared/dist/runtime/index-Dd9r
-3AL.d.mts
630 2026-04-06+04:49:09.1310953840 /root/lumina-
clean-v6/node_modules/.pnpm/@clerk+shared@3.47.3
_react-dom@19.0.0_react@19.0.0__react@19.0.0/nod
e_modules/@clerk/shared/dist/runtime/index-Dd9r-
3AL.d.mts.map
7134 2026-04-06+04:49:18.1390953810 /root/lumina
-clean-v6/node_modules/.pnpm/@clerk+shared@3.47.
3_react-dom@19.0.0_react@19.0.0__react@19.0.0/no
de_modules/@clerk/shared/dist/runtime/index.d.mt
s
632 2026-04-06+04:49:18.0990953810 /root/lumina-
clean-v6/node_modules/.pnpm/@clerk+shared@3.47.3
_react-dom@19.0.0_react@19.0.0__react@19.0.0/nod
e_modules/@clerk/shared/dist/runtime/index-D_rS0
fDT.d.mts
410 2026-04-06+04:49:09.0790953840 /root/lumina-
clean-v6/node_modules/.pnpm/@clerk+shared@3.47.3
_react-dom@19.0.0_react@19.0.0__react@19.0.0/nod
e_modules/@clerk/shared/dist/runtime/index-D_rS0
fDT.d.mts.map
7103 2026-04-06+04:49:19.9150953800 /root/lumina
-clean-v6/node_modules/.pnpm/@clerk+shared@3.47.
3_react-dom@19.0.0_react@19.0.0__react@19.0.0/no
de_modules/@clerk/shared/dist/runtime/index.d.ts
11129 2026-04-06+04:49:04.5910953860 /root/lumin
a-clean-v6/node_modules/.pnpm/@clerk+shared@3.47
.3_react-dom@19.0.0_react@19.0.0__react@19.0.0/n
ode_modules/@clerk/shared/dist/runtime/index.js
6912 2026-04-06+04:49:15.5070953820 /root/lumina
-clean-v6/node_modules/.pnpm/@clerk+shared@3.47.
3_react-dom@19.0.0_react@19.0.0__react@19.0.0/no
de_modules/@clerk/shared/dist/runtime/index.mjs
631 2026-04-06+04:49:19.8630953800 /root/lumina-
clean-v6/node_modules/.pnpm/@clerk+shared@3.47.3
_react-dom@19.0.0_react@19.0.0__react@19.0.0/nod
e_modules/@clerk/shared/dist/runtime/index-z_Sgu
uaJ.d.ts
409 2026-04-06+04:49:09.1430953840 /root/lumina-
clean-v6/node_modules/.pnpm/@clerk+shared@3.47.3
_react-dom@19.0.0_react@19.0.0__react@19.0.0/nod
e_modules/@clerk/shared/dist/runtime/index-z_Sgu
uaJ.d.ts.map
483 2026-04-06+04:49:04.6550953860 /root/lumina-
clean-v6/node_modules/.pnpm/@clerk+shared@3.47.3
_react-dom@19.0.0_react@19.0.0__react@19.0.0/nod
e_modules/@clerk/shared/dist/runtime/instance-CD
cvbQik.js
589 2026-04-06+04:49:09.2310953840 /root/lumina-
clean-v6/node_modules/.pnpm/@clerk+shared@3.47.3
_react-dom@19.0.0_react@19.0.0__react@19.0.0/nod
e_modules/@clerk/shared/dist/runtime/instance-CD
cvbQik.js.map
388 2026-04-06+04:49:15.7070953820 /root/lumina-
clean-v6/node_modules/.pnpm/@clerk+shared@3.47.3
_react-dom@19.0.0_react@19.0.0__react@19.0.0/nod
e_modules/@clerk/shared/dist/runtime/instance-Cz
e6Nv61.mjs
589 2026-04-06+04:49:09.2470953840 /root/lumina-
clean-v6/node_modules/.pnpm/@clerk+shared@3.47.3
_react-dom@19.0.0_react@19.0.0__react@19.0.0/nod
e_modules/@clerk/shared/dist/runtime/instance-Cz
e6Nv61.mjs.map
685 2026-04-06+04:49:04.6670953860 /root/lumina-
clean-v6/node_modules/.pnpm/@clerk+shared@3.47.3
_react-dom@19.0.0_react@19.0.0__react@19.0.0/nod
e_modules/@clerk/shared/dist/runtime/isomorphicA
tob-Chnw1Md3.js
816 2026-04-06+04:49:09.2630953840 /root/lumina-
clean-v6/node_modules/.pnpm/@clerk+shared@3.47.3
_react-dom@19.0.0_react@19.0.0__react@19.0.0/nod
e_modules/@clerk/shared/dist/runtime/isomorphicA
tob-Chnw1Md3.js.map
400 2026-04-06+04:49:20.6470953800 /root/lumina-
clean-v6/node_modules/.pnpm/@clerk+shared@3.47.3
_react-dom@19.0.0_react@19.0.0__react@19.0.0/nod
e_modules/@clerk/shared/dist/runtime/isomorphicA
tob-D61jyCi3.d.ts
151 2026-04-06+04:49:09.2710953840 /root/lumina-
clean-v6/node_modules/.pnpm/@clerk+shared@3.47.3
_react-dom@19.0.0_react@19.0.0__react@19.0.0/nod
e_modules/@clerk/shared/dist/runtime/isomorphicA
tob-D61jyCi3.d.ts.map
90 2026-04-06+04:49:18.1990953810 /root/lumina-c
lean-v6/node_modules/.pnpm/@clerk+shared@3.47.3_
react-dom@19.0.0_react@19.0.0__react@19.0.0/node
_modules/@clerk/shared/dist/runtime/isomorphicAt
ob.d.mts
401 2026-04-06+04:49:18.1870953810 /root/lumina-
clean-v6/node_modules/.pnpm/@clerk+shared@3.47.3
_react-dom@19.0.0_react@19.0.0__react@19.0.0/nod
e_modules/@clerk/shared/dist/runtime/isomorphicA
tob-DqIxJQZE.d.mts
152 2026-04-06+04:49:09.2830953840 /root/lumina-
clean-v6/node_modules/.pnpm/@clerk+shared@3.47.3
_react-dom@19.0.0_react@19.0.0__react@19.0.0/nod
e_modules/@clerk/shared/dist/runtime/isomorphicA
tob-DqIxJQZE.d.mts.map
89 2026-04-06+04:49:20.6750953800 /root/lumina-c
lean-v6/node_modules/.pnpm/@clerk+shared@3.47.3_
react-dom@19.0.0_react@19.0.0__react@19.0.0/node
_modules/@clerk/shared/dist/runtime/isomorphicAt
ob.d.ts
585 2026-04-06+04:49:15.7310953820 /root/lumina-
clean-v6/node_modules/.pnpm/@clerk+shared@3.47.3
_react-dom@19.0.0_react@19.0.0__react@19.0.0/nod
e_modules/@clerk/shared/dist/runtime/isomorphicA
tob-DybBXGFR.mjs
816 2026-04-06+04:49:09.2950953840 /root/lumina-
clean-v6/node_modules/.pnpm/@clerk+shared@3.47.3
_react-dom@19.0.0_react@19.0.0__react@19.0.0/nod
e_modules/@clerk/shared/dist/runtime/isomorphicA
tob-DybBXGFR.mjs.map
136 2026-04-06+04:49:04.6750953860 /root/lumina-
clean-v6/node_modules/.pnpm/@clerk+shared@3.47.3
_react-dom@19.0.0_react@19.0.0__react@19.0.0/nod
e_modules/@clerk/shared/dist/runtime/isomorphicA
tob.js
91 2026-04-06+04:49:15.7590953820 /root/lumina-c
lean-v6/node_modules/.pnpm/@clerk+shared@3.47.3_
react-dom@19.0.0_react@19.0.0__react@19.0.0/node
_modules/@clerk/shared/dist/runtime/isomorphicAt
ob.mjs
184 2026-04-06+04:49:18.2110953810 /root/lumina-
clean-v6/node_modules/.pnpm/@clerk+shared@3.47.3
_react-dom@19.0.0_react@19.0.0__react@19.0.0/nod
e_modules/@clerk/shared/dist/runtime/isomorphicB
toa-Cu4s1rFu.d.mts
144 2026-04-06+04:49:09.2990953840 /root/lumina-
clean-v6/node_modules/.pnpm/@clerk+shared@3.47.3
_react-dom@19.0.0_react@19.0.0__react@19.0.0/nod
e_modules/@clerk/shared/dist/runtime/isomorphicB
toa-Cu4s1rFu.d.mts.map
90 2026-04-06+04:49:18.2190953810 /root/lumina-c
lean-v6/node_modules/.pnpm/@clerk+shared@3.47.3_
react-dom@19.0.0_react@19.0.0__react@19.0.0/node
_modules/@clerk/shared/dist/runtime/isomorphicBt
oa.d.mts
369 2026-04-06+04:49:15.7830953820 /root/lumina-
clean-v6/node_modules/.pnpm/@clerk+shared@3.47.3
_react-dom@19.0.0_react@19.0.0__react@19.0.0/nod
e_modules/@clerk/shared/dist/runtime/isomorphicB
toa-Dr7WubZv.mjs
589 2026-04-06+04:49:09.3070953840 /root/lumina-
clean-v6/node_modules/.pnpm/@clerk+shared@3.47.3
_react-dom@19.0.0_react@19.0.0__react@19.0.0/nod
e_modules/@clerk/shared/dist/runtime/isomorphicB
toa-Dr7WubZv.mjs.map
89 2026-04-06+04:49:20.7310953800 /root/lumina-c
lean-v6/node_modules/.pnpm/@clerk+shared@3.47.3_
react-dom@19.0.0_react@19.0.0__react@19.0.0/node
_modules/@clerk/shared/dist/runtime/isomorphicBt
oa.d.ts
183 2026-04-06+04:49:20.7070953800 /root/lumina-
clean-v6/node_modules/.pnpm/@clerk+shared@3.47.3
_react-dom@19.0.0_react@19.0.0__react@19.0.0/nod
e_modules/@clerk/shared/dist/runtime/isomorphicB
toa-DZZ0MKdz.d.ts
143 2026-04-06+04:49:09.3230953840 /root/lumina-
clean-v6/node_modules/.pnpm/@clerk+shared@3.47.3
_react-dom@19.0.0_react@19.0.0__react@19.0.0/nod
e_modules/@clerk/shared/dist/runtime/isomorphicB
toa-DZZ0MKdz.d.ts.map
136 2026-04-06+04:49:04.6990953860 /root/lumina-
clean-v6/node_modules/.pnpm/@clerk+shared@3.47.3
_react-dom@19.0.0_react@19.0.0__react@19.0.0/nod
e_modules/@clerk/shared/dist/runtime/isomorphicB
toa.js
91 2026-04-06+04:49:15.8030953810 /root/lumina-c
lean-v6/node_modules/.pnpm/@clerk+shared@3.47.3_
react-dom@19.0.0_react@19.0.0__react@19.0.0/node
_modules/@clerk/shared/dist/runtime/isomorphicBt
oa.mjs
469 2026-04-06+04:49:04.6870953860 /root/lumina-
clean-v6/node_modules/.pnpm/@clerk+shared@3.47.3
_react-dom@19.0.0_react@19.0.0__react@19.0.0/nod
e_modules/@clerk/shared/dist/runtime/isomorphicB
toa-oWNvIgSP.js
589 2026-04-06+04:49:09.3390953840 /root/lumina-
clean-v6/node_modules/.pnpm/@clerk+shared@3.47.3
_react-dom@19.0.0_react@19.0.0__react@19.0.0/nod
e_modules/@clerk/shared/dist/runtime/isomorphicB
toa-oWNvIgSP.js.map
624 2026-04-06+04:49:18.2270953810 /root/lumina-
clean-v6/node_modules/.pnpm/@clerk+shared@3.47.3
_react-dom@19.0.0_react@19.0.0__react@19.0.0/nod
e_modules/@clerk/shared/dist/runtime/jwtPayloadP
arser.d.mts
223 2026-04-06+04:49:09.3510953840 /root/lumina-
clean-v6/node_modules/.pnpm/@clerk+shared@3.47.3
_react-dom@19.0.0_react@19.0.0__react@19.0.0/nod
e_modules/@clerk/shared/dist/runtime/jwtPayloadP
arser.d.mts.map
622 2026-04-06+04:49:20.7510953800 /root/lumina-
clean-v6/node_modules/.pnpm/@clerk+shared@3.47.3
_react-dom@19.0.0_react@19.0.0__react@19.0.0/nod
e_modules/@clerk/shared/dist/runtime/jwtPayloadP
arser.d.ts
222 2026-04-06+04:49:09.3630953840 /root/lumina-
clean-v6/node_modules/.pnpm/@clerk+shared@3.47.3
_react-dom@19.0.0_react@19.0.0__react@19.0.0/nod
e_modules/@clerk/shared/dist/runtime/jwtPayloadP
arser.d.ts.map
2588 2026-04-06+04:49:04.7110953860 /root/lumina
-clean-v6/node_modules/.pnpm/@clerk+shared@3.47.
3_react-dom@19.0.0_react@19.0.0__react@19.0.0/no
de_modules/@clerk/shared/dist/runtime/jwtPayload
Parser.js
5427 2026-04-06+04:49:09.3790953840 /root/lumina
-clean-v6/node_modules/.pnpm/@clerk+shared@3.47.
3_react-dom@19.0.0_react@19.0.0__react@19.0.0/no
de_modules/@clerk/shared/dist/runtime/jwtPayload
Parser.js.map
2484 2026-04-06+04:49:15.8310953810 /root/lumina
-clean-v6/node_modules/.pnpm/@clerk+shared@3.47.
3_react-dom@19.0.0_react@19.0.0__react@19.0.0/no
de_modules/@clerk/shared/dist/runtime/jwtPayload
Parser.mjs
5411 2026-04-06+04:49:09.3910953840 /root/lumina
-clean-v6/node_modules/.pnpm/@clerk+shared@3.47.
3_react-dom@19.0.0_react@19.0.0__react@19.0.0/no
de_modules/@clerk/shared/dist/runtime/jwtPayload
Parser.mjs.map
4546 2026-04-06+04:49:18.2350953810 /root/lumina
-clean-v6/node_modules/.pnpm/@clerk+shared@3.47.
3_react-dom@19.0.0_react@19.0.0__react@19.0.0/no
de_modules/@clerk/shared/dist/runtime/keys-Bx645
p15.d.mts
545 2026-04-06+04:49:09.3990953840 /root/lumina-
clean-v6/node_modules/.pnpm/@clerk+shared@3.47.3
_react-dom@19.0.0_react@19.0.0__react@19.0.0/nod
e_modules/@clerk/shared/dist/runtime/keys-Bx645p
15.d.mts.map
4544 2026-04-06+04:49:20.7830953800 /root/lumina
-clean-v6/node_modules/.pnpm/@clerk+shared@3.47.
3_react-dom@19.0.0_react@19.0.0__react@19.0.0/no
de_modules/@clerk/shared/dist/runtime/keys-CH3lf
-8P.d.ts
544 2026-04-06+04:49:09.4150953840 /root/lumina-
clean-v6/node_modules/.pnpm/@clerk+shared@3.47.3
_react-dom@19.0.0_react@19.0.0__react@19.0.0/nod
e_modules/@clerk/shared/dist/runtime/keys-CH3lf-
8P.d.ts.map
575 2026-04-06+04:49:18.2390953810 /root/lumina-
clean-v6/node_modules/.pnpm/@clerk+shared@3.47.3
_react-dom@19.0.0_react@19.0.0__react@19.0.0/nod
e_modules/@clerk/shared/dist/runtime/keys.d.mts
573 2026-04-06+04:49:20.7910953800 /root/lumina-
clean-v6/node_modules/.pnpm/@clerk+shared@3.47.3
_react-dom@19.0.0_react@19.0.0__react@19.0.0/nod
e_modules/@clerk/shared/dist/runtime/keys.d.ts
886 2026-04-06+04:49:04.7670953860 /root/lumina-
clean-v6/node_modules/.pnpm/@clerk+shared@3.47.3
_react-dom@19.0.0_react@19.0.0__react@19.0.0/nod
e_modules/@clerk/shared/dist/runtime/keys.js
660 2026-04-06+04:49:15.9110953810 /root/lumina-
clean-v6/node_modules/.pnpm/@clerk+shared@3.47.3
_react-dom@19.0.0_react@19.0.0__react@19.0.0/nod
e_modules/@clerk/shared/dist/runtime/keys.mjs
9103 2026-04-06+04:49:04.7430953860 /root/lumina
-clean-v6/node_modules/.pnpm/@clerk+shared@3.47.
3_react-dom@19.0.0_react@19.0.0__react@19.0.0/no
de_modules/@clerk/shared/dist/runtime/keys-wr08q
E7Y.js
12260 2026-04-06+04:49:09.4270953840 /root/lumin
a-clean-v6/node_modules/.pnpm/@clerk+shared@3.47
.3_react-dom@19.0.0_react@19.0.0__react@19.0.0/n
ode_modules/@clerk/shared/dist/runtime/keys-wr08
qE7Y.js.map
7809 2026-04-06+04:49:15.8710953810 /root/lumina
-clean-v6/node_modules/.pnpm/@clerk+shared@3.47.
3_react-dom@19.0.0_react@19.0.0__react@19.0.0/no
de_modules/@clerk/shared/dist/runtime/keys-YNv6y
jKk.mjs
12160 2026-04-06+04:49:09.4430953840 /root/lumin
a-clean-v6/node_modules/.pnpm/@clerk+shared@3.47
.3_react-dom@19.0.0_react@19.0.0__react@19.0.0/n
ode_modules/@clerk/shared/dist/runtime/keys-YNv6
yjKk.mjs.map
8233 2026-04-06+04:49:15.9310953810 /root/lumina
-clean-v6/node_modules/.pnpm/@clerk+shared@3.47.
3_react-dom@19.0.0_react@19.0.0__react@19.0.0/no
de_modules/@clerk/shared/dist/runtime/loadClerkJ
sScript-BcmR4xsJ.mjs
13361 2026-04-06+04:49:09.4550953840 /root/lumin
a-clean-v6/node_modules/.pnpm/@clerk+shared@3.47
.3_react-dom@19.0.0_react@19.0.0__react@19.0.0/n
ode_modules/@clerk/shared/dist/runtime/loadClerk
JsScript-BcmR4xsJ.mjs.map
8811 2026-04-06+04:49:04.8310953860 /root/lumina
-clean-v6/node_modules/.pnpm/@clerk+shared@3.47.
3_react-dom@19.0.0_react@19.0.0__react@19.0.0/no
de_modules/@clerk/shared/dist/runtime/loadClerkJ
sScript-BeYb_FL1.js
13541 2026-04-06+04:49:09.4670953840 /root/lumin
a-clean-v6/node_modules/.pnpm/@clerk+shared@3.47
.3_react-dom@19.0.0_react@19.0.0__react@19.0.0/n
ode_modules/@clerk/shared/dist/runtime/loadClerk
JsScript-BeYb_FL1.js.map
2980 2026-04-06+04:49:20.8110953800 /root/lumina
-clean-v6/node_modules/.pnpm/@clerk+shared@3.47.
3_react-dom@19.0.0_react@19.0.0__react@19.0.0/no
de_modules/@clerk/shared/dist/runtime/loadClerkJ
sScript-CFrzVpku.d.ts
517 2026-04-06+04:49:09.4830953840 /root/lumina-
clean-v6/node_modules/.pnpm/@clerk+shared@3.47.3
_react-dom@19.0.0_react@19.0.0__react@19.0.0/nod
e_modules/@clerk/shared/dist/runtime/loadClerkJs
Script-CFrzVpku.d.ts.map
2982 2026-04-06+04:49:18.2430953810 /root/lumina
-clean-v6/node_modules/.pnpm/@clerk+shared@3.47.
3_react-dom@19.0.0_react@19.0.0__react@19.0.0/no
de_modules/@clerk/shared/dist/runtime/loadClerkJ
sScript-CV8aDvMs.d.mts
518 2026-04-06+04:49:09.4910953840 /root/lumina-
clean-v6/node_modules/.pnpm/@clerk+shared@3.47.3
_react-dom@19.0.0_react@19.0.0__react@19.0.0/nod
e_modules/@clerk/shared/dist/runtime/loadClerkJs
Script-CV8aDvMs.d.mts.map
348 2026-04-06+04:49:18.2470953810 /root/lumina-
clean-v6/node_modules/.pnpm/@clerk+shared@3.47.3
_react-dom@19.0.0_react@19.0.0__react@19.0.0/nod
e_modules/@clerk/shared/dist/runtime/loadClerkJs
Script.d.mts
346 2026-04-06+04:49:20.8270953800 /root/lumina-
clean-v6/node_modules/.pnpm/@clerk+shared@3.47.3
_react-dom@19.0.0_react@19.0.0__react@19.0.0/nod
e_modules/@clerk/shared/dist/runtime/loadClerkJs
Script.d.ts
811 2026-04-06+04:49:04.8550953860 /root/lumina-
clean-v6/node_modules/.pnpm/@clerk+shared@3.47.3
_react-dom@19.0.0_react@19.0.0__react@19.0.0/nod
e_modules/@clerk/shared/dist/runtime/loadClerkJs
Script.js
644 2026-04-06+04:49:15.9390953810 /root/lumina-
clean-v6/node_modules/.pnpm/@clerk+shared@3.47.3
_react-dom@19.0.0_react@19.0.0__react@19.0.0/nod
e_modules/@clerk/shared/dist/runtime/loadClerkJs
Script.mjs
409 2026-04-06+04:49:20.8550953800 /root/lumina-
clean-v6/node_modules/.pnpm/@clerk+shared@3.47.3
_react-dom@19.0.0_react@19.0.0__react@19.0.0/nod
e_modules/@clerk/shared/dist/runtime/loadScript-
BPX0RAWu.d.ts
349 2026-04-06+04:49:09.5030953840 /root/lumina-
clean-v6/node_modules/.pnpm/@clerk+shared@3.47.3
_react-dom@19.0.0_react@19.0.0__react@19.0.0/nod
e_modules/@clerk/shared/dist/runtime/loadScript-
BPX0RAWu.d.ts.map
410 2026-04-06+04:49:18.2550953810 /root/lumina-
clean-v6/node_modules/.pnpm/@clerk+shared@3.47.3
_react-dom@19.0.0_react@19.0.0__react@19.0.0/nod
e_modules/@clerk/shared/dist/runtime/loadScript-
C6SUcPSp.d.mts
350 2026-04-06+04:49:09.5110953840 /root/lumina-
clean-v6/node_modules/.pnpm/@clerk+shared@3.47.3
_react-dom@19.0.0_react@19.0.0__react@19.0.0/nod
e_modules/@clerk/shared/dist/runtime/loadScript-
C6SUcPSp.d.mts.map
1369 2026-04-06+04:49:05.4710953850 /root/lumina
-clean-v6/node_modules/.pnpm/@clerk+shared@3.47.
3_react-dom@19.0.0_react@19.0.0__react@19.0.0/no
de_modules/@clerk/shared/dist/runtime/loadScript
-D8zceEj8.js
2366 2026-04-06+04:49:09.5230953840 /root/lumina
-clean-v6/node_modules/.pnpm/@clerk+shared@3.47.
3_react-dom@19.0.0_react@19.0.0__react@19.0.0/no
de_modules/@clerk/shared/dist/runtime/loadScript
-D8zceEj8.js.map
78 2026-04-06+04:49:18.2630953810 /root/lumina-c
lean-v6/node_modules/.pnpm/@clerk+shared@3.47.3_
react-dom@19.0.0_react@19.0.0__react@19.0.0/node
_modules/@clerk/shared/dist/runtime/loadScript.d
.mts
77 2026-04-06+04:49:20.8830953800 /root/lumina-c
lean-v6/node_modules/.pnpm/@clerk+shared@3.47.3_
react-dom@19.0.0_react@19.0.0__react@19.0.0/node
_modules/@clerk/shared/dist/runtime/loadScript.d
.ts
148 2026-04-06+04:49:05.4950953850 /root/lumina-
clean-v6/node_modules/.pnpm/@clerk+shared@3.47.3
_react-dom@19.0.0_react@19.0.0__react@19.0.0/nod
e_modules/@clerk/shared/dist/runtime/loadScript.
js
110 2026-04-06+04:49:15.9870953810 /root/lumina-
clean-v6/node_modules/.pnpm/@clerk+shared@3.47.3
_react-dom@19.0.0_react@19.0.0__react@19.0.0/nod
e_modules/@clerk/shared/dist/runtime/loadScript.
mjs
1252 2026-04-06+04:49:15.9630953810 /root/lumina
-clean-v6/node_modules/.pnpm/@clerk+shared@3.47.
3_react-dom@19.0.0_react@19.0.0__react@19.0.0/no
de_modules/@clerk/shared/dist/runtime/loadScript
-t1vaIfy5.mjs
2358 2026-04-06+04:49:09.5350953840 /root/lumina
-clean-v6/node_modules/.pnpm/@clerk+shared@3.47.
3_react-dom@19.0.0_react@19.0.0__react@19.0.0/no
de_modules/@clerk/shared/dist/runtime/loadScript
-t1vaIfy5.mjs.map
1648 2026-04-06+04:49:05.5070953850 /root/lumina
-clean-v6/node_modules/.pnpm/@clerk+shared@3.47.
3_react-dom@19.0.0_react@19.0.0__react@19.0.0/no
de_modules/@clerk/shared/dist/runtime/localStora
geBroadcastChannel-Bgbc3aUe.js
2698 2026-04-06+04:49:09.5390953840 /root/lumina
-clean-v6/node_modules/.pnpm/@clerk+shared@3.47.
3_react-dom@19.0.0_react@19.0.0__react@19.0.0/no
de_modules/@clerk/shared/dist/runtime/localStora
geBroadcastChannel-Bgbc3aUe.js.map
1508 2026-04-06+04:49:16.0030953810 /root/lumina
-clean-v6/node_modules/.pnpm/@clerk+shared@3.47.
3_react-dom@19.0.0_react@19.0.0__react@19.0.0/no
de_modules/@clerk/shared/dist/runtime/localStora
geBroadcastChannel-BipM-nkf.mjs
2698 2026-04-06+04:49:09.5510953840 /root/lumina
-clean-v6/node_modules/.pnpm/@clerk+shared@3.47.
3_react-dom@19.0.0_react@19.0.0__react@19.0.0/no
de_modules/@clerk/shared/dist/runtime/localStora
geBroadcastChannel-BipM-nkf.mjs.map
678 2026-04-06+04:49:20.8990953800 /root/lumina-
clean-v6/node_modules/.pnpm/@clerk+shared@3.47.3
_react-dom@19.0.0_react@19.0.0__react@19.0.0/nod
e_modules/@clerk/shared/dist/runtime/localStorag
eBroadcastChannel-BSisnDfR.d.ts
271 2026-04-06+04:49:09.5630953840 /root/lumina-
clean-v6/node_modules/.pnpm/@clerk+shared@3.47.3
_react-dom@19.0.0_react@19.0.0__react@19.0.0/nod
e_modules/@clerk/shared/dist/runtime/localStorag
eBroadcastChannel-BSisnDfR.d.ts.map
679 2026-04-06+04:49:18.2670953810 /root/lumina-
clean-v6/node_modules/.pnpm/@clerk+shared@3.47.3
_react-dom@19.0.0_react@19.0.0__react@19.0.0/nod
e_modules/@clerk/shared/dist/runtime/localStorag
eBroadcastChannel-CNmeXxpW.d.mts
272 2026-04-06+04:49:09.5830953840 /root/lumina-
clean-v6/node_modules/.pnpm/@clerk+shared@3.47.3
_react-dom@19.0.0_react@19.0.0__react@19.0.0/nod
e_modules/@clerk/shared/dist/runtime/localStorag
eBroadcastChannel-CNmeXxpW.d.mts.map
132 2026-04-06+04:49:18.2710953810 /root/lumina-
clean-v6/node_modules/.pnpm/@clerk+shared@3.47.3
_react-dom@19.0.0_react@19.0.0__react@19.0.0/nod
e_modules/@clerk/shared/dist/runtime/localStorag
eBroadcastChannel.d.mts
131 2026-04-06+04:49:20.9190953800 /root/lumina-
clean-v6/node_modules/.pnpm/@clerk+shared@3.47.3
_react-dom@19.0.0_react@19.0.0__react@19.0.0/nod
e_modules/@clerk/shared/dist/runtime/localStorag
eBroadcastChannel.d.ts
288 2026-04-06+04:49:05.5150953850 /root/lumina-
clean-v6/node_modules/.pnpm/@clerk+shared@3.47.3
_react-dom@19.0.0_react@19.0.0__react@19.0.0/nod
e_modules/@clerk/shared/dist/runtime/localStorag
eBroadcastChannel.js
213 2026-04-06+04:49:16.0230953810 /root/lumina-
clean-v6/node_modules/.pnpm/@clerk+shared@3.47.3
_react-dom@19.0.0_react@19.0.0__react@19.0.0/nod
e_modules/@clerk/shared/dist/runtime/localStorag
eBroadcastChannel.mjs
394 2026-04-06+04:49:16.0390953810 /root/lumina-
clean-v6/node_modules/.pnpm/@clerk+shared@3.47.3
_react-dom@19.0.0_react@19.0.0__react@19.0.0/nod
e_modules/@clerk/shared/dist/runtime/logger-B9q7
E6uE.mjs
924 2026-04-06+04:49:09.5910953840 /root/lumina-
clean-v6/node_modules/.pnpm/@clerk+shared@3.47.3
_react-dom@19.0.0_react@19.0.0__react@19.0.0/nod
e_modules/@clerk/shared/dist/runtime/logger-B9q7
E6uE.mjs.map
353 2026-04-06+04:49:18.2910953810 /root/lumina-
clean-v6/node_modules/.pnpm/@clerk+shared@3.47.3
_react-dom@19.0.0_react@19.0.0__react@19.0.0/nod
e_modules/@clerk/shared/dist/runtime/logger-CFsS
yN6O.d.mts
133 2026-04-06+04:49:09.6030953840 /root/lumina-
clean-v6/node_modules/.pnpm/@clerk+shared@3.47.3
_react-dom@19.0.0_react@19.0.0__react@19.0.0/nod
e_modules/@clerk/shared/dist/runtime/logger-CFsS
yN6O.d.mts.map
352 2026-04-06+04:49:20.9310953800 /root/lumina-
clean-v6/node_modules/.pnpm/@clerk+shared@3.47.3
_react-dom@19.0.0_react@19.0.0__react@19.0.0/nod
e_modules/@clerk/shared/dist/runtime/logger-CWWj
PZMR.d.ts
132 2026-04-06+04:49:09.6110953840 /root/lumina-
clean-v6/node_modules/.pnpm/@clerk+shared@3.47.3
_react-dom@19.0.0_react@19.0.0__react@19.0.0/nod
e_modules/@clerk/shared/dist/runtime/logger-CWWj
PZMR.d.ts.map
66 2026-04-06+04:49:18.3630953810 /root/lumina-c
lean-v6/node_modules/.pnpm/@clerk+shared@3.47.3_
react-dom@19.0.0_react@19.0.0__react@19.0.0/node
_modules/@clerk/shared/dist/runtime/logger.d.mts
65 2026-04-06+04:49:20.9550953800 /root/lumina-c
lean-v6/node_modules/.pnpm/@clerk+shared@3.47.3_
react-dom@19.0.0_react@19.0.0__react@19.0.0/node
_modules/@clerk/shared/dist/runtime/logger.d.ts
486 2026-04-06+04:49:05.5350953850 /root/lumina-
clean-v6/node_modules/.pnpm/@clerk+shared@3.47.3
_react-dom@19.0.0_react@19.0.0__react@19.0.0/nod
e_modules/@clerk/shared/dist/runtime/logger-Dv_S
1aDO.js
924 2026-04-06+04:49:09.6150953840 /root/lumina-
clean-v6/node_modules/.pnpm/@clerk+shared@3.47.3
_react-dom@19.0.0_react@19.0.0__react@19.0.0/nod
e_modules/@clerk/shared/dist/runtime/logger-Dv_S
1aDO.js.map
96 2026-04-06+04:49:05.5430953850 /root/lumina-c
lean-v6/node_modules/.pnpm/@clerk+shared@3.47.3_
react-dom@19.0.0_react@19.0.0__react@19.0.0/node
_modules/@clerk/shared/dist/runtime/logger.js
67 2026-04-06+04:49:16.0510953810 /root/lumina-c
lean-v6/node_modules/.pnpm/@clerk+shared@3.47.3_
react-dom@19.0.0_react@19.0.0__react@19.0.0/node
_modules/@clerk/shared/dist/runtime/logger.mjs
1978 2026-04-06+04:49:16.0790953810 /root/lumina
-clean-v6/node_modules/.pnpm/@clerk+shared@3.47.
3_react-dom@19.0.0_react@19.0.0__react@19.0.0/no
de_modules/@clerk/shared/dist/runtime/netlifyCac
heHandler-BPEJu2jS.mjs
2940 2026-04-06+04:49:09.6190953840 /root/lumina
-clean-v6/node_modules/.pnpm/@clerk+shared@3.47.
3_react-dom@19.0.0_react@19.0.0__react@19.0.0/no
de_modules/@clerk/shared/dist/runtime/netlifyCac
heHandler-BPEJu2jS.mjs.map
2215 2026-04-06+04:49:05.5470953850 /root/lumina
-clean-v6/node_modules/.pnpm/@clerk+shared@3.47.
3_react-dom@19.0.0_react@19.0.0__react@19.0.0/no
de_modules/@clerk/shared/dist/runtime/netlifyCac
heHandler-CGV6jGfB.js
2973 2026-04-06+04:49:09.6350953840 /root/lumina
-clean-v6/node_modules/.pnpm/@clerk+shared@3.47.
3_react-dom@19.0.0_react@19.0.0__react@19.0.0/no
de_modules/@clerk/shared/dist/runtime/netlifyCac
heHandler-CGV6jGfB.js.map
1194 2026-04-06+04:49:18.3950953810 /root/lumina
-clean-v6/node_modules/.pnpm/@clerk+shared@3.47.
3_react-dom@19.0.0_react@19.0.0__react@19.0.0/no
de_modules/@clerk/shared/dist/runtime/netlifyCac
heHandler-DaSimV39.d.mts
214 2026-04-06+04:49:09.7150953840 /root/lumina-
clean-v6/node_modules/.pnpm/@clerk+shared@3.47.3
_react-dom@19.0.0_react@19.0.0__react@19.0.0/nod
e_modules/@clerk/shared/dist/runtime/netlifyCach
eHandler-DaSimV39.d.mts.map
1193 2026-04-06+04:49:20.9830953800 /root/lumina
-clean-v6/node_modules/.pnpm/@clerk+shared@3.47.
3_react-dom@19.0.0_react@19.0.0__react@19.0.0/no
de_modules/@clerk/shared/dist/runtime/netlifyCac
heHandler-Di70sUEE.d.ts
213 2026-04-06+04:49:09.7950953840 /root/lumina-
clean-v6/node_modules/.pnpm/@clerk+shared@3.47.3
_react-dom@19.0.0_react@19.0.0__react@19.0.0/nod
e_modules/@clerk/shared/dist/runtime/netlifyCach
eHandler-Di70sUEE.d.ts.map
193 2026-04-06+04:49:18.4030953810 /root/lumina-
clean-v6/node_modules/.pnpm/@clerk+shared@3.47.3
_react-dom@19.0.0_react@19.0.0__react@19.0.0/nod
e_modules/@clerk/shared/dist/runtime/netlifyCach
eHandler.d.mts
192 2026-04-06+04:49:21.0070953800 /root/lumina-
clean-v6/node_modules/.pnpm/@clerk+shared@3.47.3
_react-dom@19.0.0_react@19.0.0__react@19.0.0/nod
e_modules/@clerk/shared/dist/runtime/netlifyCach
eHandler.d.ts
435 2026-04-06+04:49:05.5590953850 /root/lumina-
clean-v6/node_modules/.pnpm/@clerk+shared@3.47.3
_react-dom@19.0.0_react@19.0.0__react@19.0.0/nod
e_modules/@clerk/shared/dist/runtime/netlifyCach
eHandler.js
339 2026-04-06+04:49:16.0990953810 /root/lumina-
clean-v6/node_modules/.pnpm/@clerk+shared@3.47.3
_react-dom@19.0.0_react@19.0.0__react@19.0.0/nod
e_modules/@clerk/shared/dist/runtime/netlifyCach
eHandler.mjs
132 2026-04-06+04:49:16.1230953810 /root/lumina-
clean-v6/node_modules/.pnpm/@clerk+shared@3.47.3
_react-dom@19.0.0_react@19.0.0__react@19.0.0/nod
e_modules/@clerk/shared/dist/runtime/noop-B3MbDA
fb.mjs
223 2026-04-06+04:49:09.8190953840 /root/lumina-
clean-v6/node_modules/.pnpm/@clerk+shared@3.47.3
_react-dom@19.0.0_react@19.0.0__react@19.0.0/nod
e_modules/@clerk/shared/dist/runtime/noop-B3MbDA
fb.mjs.map
222 2026-04-06+04:49:05.5710953850 /root/lumina-
clean-v6/node_modules/.pnpm/@clerk+shared@3.47.3
_react-dom@19.0.0_react@19.0.0__react@19.0.0/nod
e_modules/@clerk/shared/dist/runtime/noop-Bi5xtB
31.js
223 2026-04-06+04:49:10.2270953840 /root/lumina-
clean-v6/node_modules/.pnpm/@clerk+shared@3.47.3
_react-dom@19.0.0_react@19.0.0__react@19.0.0/nod
e_modules/@clerk/shared/dist/runtime/noop-Bi5xtB
31.js.map
493 2026-04-06+04:49:18.6510953800 /root/lumina-
clean-v6/node_modules/.pnpm/@clerk+shared@3.47.3
_react-dom@19.0.0_react@19.0.0__react@19.0.0/nod
e_modules/@clerk/shared/dist/runtime/oauth.d.mts
292 2026-04-06+04:49:10.2430953840 /root/lumina-
clean-v6/node_modules/.pnpm/@clerk+shared@3.47.3
_react-dom@19.0.0_react@19.0.0__react@19.0.0/nod
e_modules/@clerk/shared/dist/runtime/oauth.d.mts
.map
491 2026-04-06+04:49:21.0270953800 /root/lumina-
clean-v6/node_modules/.pnpm/@clerk+shared@3.47.3
_react-dom@19.0.0_react@19.0.0__react@19.0.0/nod
e_modules/@clerk/shared/dist/runtime/oauth.d.ts
291 2026-04-06+04:49:10.2550953840 /root/lumina-
clean-v6/node_modules/.pnpm/@clerk+shared@3.47.3
_react-dom@19.0.0_react@19.0.0__react@19.0.0/nod
e_modules/@clerk/shared/dist/runtime/oauth.d.ts.
map
4954 2026-04-06+04:49:05.5830953850 /root/lumina
-clean-v6/node_modules/.pnpm/@clerk+shared@3.47.
3_react-dom@19.0.0_react@19.0.0__react@19.0.0/no
de_modules/@clerk/shared/dist/runtime/oauth.js
7353 2026-04-06+04:49:10.2670953840 /root/lumina
-clean-v6/node_modules/.pnpm/@clerk+shared@3.47.
3_react-dom@19.0.0_react@19.0.0__react@19.0.0/no
de_modules/@clerk/shared/dist/runtime/oauth.js.m
ap
4908 2026-04-06+04:49:16.1470953810 /root/lumina
-clean-v6/node_modules/.pnpm/@clerk+shared@3.47.
3_react-dom@19.0.0_react@19.0.0__react@19.0.0/no
de_modules/@clerk/shared/dist/runtime/oauth.mjs
7353 2026-04-06+04:49:10.2870953840 /root/lumina
-clean-v6/node_modules/.pnpm/@clerk+shared@3.47.
3_react-dom@19.0.0_react@19.0.0__react@19.0.0/no
de_modules/@clerk/shared/dist/runtime/oauth.mjs.
map
561 2026-04-06+04:49:21.0430953790 /root/lumina-
clean-v6/node_modules/.pnpm/@clerk+shared@3.47.3
_react-dom@19.0.0_react@19.0.0__react@19.0.0/nod
e_modules/@clerk/shared/dist/runtime/object-5d8A
CLdH.d.ts
649 2026-04-06+04:49:10.3030953840 /root/lumina-
clean-v6/node_modules/.pnpm/@clerk+shared@3.47.3
_react-dom@19.0.0_react@19.0.0__react@19.0.0/nod
e_modules/@clerk/shared/dist/runtime/object-5d8A
CLdH.d.ts.map
757 2026-04-06+04:49:16.1710953810 /root/lumina-
clean-v6/node_modules/.pnpm/@clerk+shared@3.47.3
_react-dom@19.0.0_react@19.0.0__react@19.0.0/nod
e_modules/@clerk/shared/dist/runtime/object-Be3M
MNTQ.mjs
1679 2026-04-06+04:49:10.3190953840 /root/lumina
-clean-v6/node_modules/.pnpm/@clerk+shared@3.47.
3_react-dom@19.0.0_react@19.0.0__react@19.0.0/no
de_modules/@clerk/shared/dist/runtime/object-Be3
MMNTQ.mjs.map
562 2026-04-06+04:49:18.6670953800 /root/lumina-
clean-v6/node_modules/.pnpm/@clerk+shared@3.47.3
_react-dom@19.0.0_react@19.0.0__react@19.0.0/nod
e_modules/@clerk/shared/dist/runtime/object-CgEE
f_DM.d.mts
650 2026-04-06+04:49:10.3430953840 /root/lumina-
clean-v6/node_modules/.pnpm/@clerk+shared@3.47.3
_react-dom@19.0.0_react@19.0.0__react@19.0.0/nod
e_modules/@clerk/shared/dist/runtime/object-CgEE
f_DM.d.mts.map
168 2026-04-06+04:49:18.6910953800 /root/lumina-
clean-v6/node_modules/.pnpm/@clerk+shared@3.47.3
_react-dom@19.0.0_react@19.0.0__react@19.0.0/nod
e_modules/@clerk/shared/dist/runtime/object.d.mt
s
1185 2026-04-06+04:49:05.5910953850 /root/lumina
-clean-v6/node_modules/.pnpm/@clerk+shared@3.47.
3_react-dom@19.0.0_react@19.0.0__react@19.0.0/no
de_modules/@clerk/shared/dist/runtime/object-DrK
QtwRq.js
1679 2026-04-06+04:49:10.3670953840 /root/lumina
-clean-v6/node_modules/.pnpm/@clerk+shared@3.47.
3_react-dom@19.0.0_react@19.0.0__react@19.0.0/no
de_modules/@clerk/shared/dist/runtime/object-DrK
QtwRq.js.map
167 2026-04-06+04:49:21.0750953790 /root/lumina-
clean-v6/node_modules/.pnpm/@clerk+shared@3.47.3
_react-dom@19.0.0_react@19.0.0__react@19.0.0/nod
e_modules/@clerk/shared/dist/runtime/object.d.ts
270 2026-04-06+04:49:05.6030953850 /root/lumina-
clean-v6/node_modules/.pnpm/@clerk+shared@3.47.3
_react-dom@19.0.0_react@19.0.0__react@19.0.0/nod
e_modules/@clerk/shared/dist/runtime/object.js
169 2026-04-06+04:49:16.1950953810 /root/lumina-
clean-v6/node_modules/.pnpm/@clerk+shared@3.47.3
_react-dom@19.0.0_react@19.0.0__react@19.0.0/nod
e_modules/@clerk/shared/dist/runtime/object.mjs
686 2026-04-06+04:49:16.2190953810 /root/lumina-
clean-v6/node_modules/.pnpm/@clerk+shared@3.47.3
_react-dom@19.0.0_react@19.0.0__react@19.0.0/nod
e_modules/@clerk/shared/dist/runtime/organizatio
n-BqxdOtRG.mjs
919 2026-04-06+04:49:10.4270953840 /root/lumina-
clean-v6/node_modules/.pnpm/@clerk+shared@3.47.3
_react-dom@19.0.0_react@19.0.0__react@19.0.0/nod
e_modules/@clerk/shared/dist/runtime/organizatio
n-BqxdOtRG.mjs.map
804 2026-04-06+04:49:05.6150953850 /root/lumina-
clean-v6/node_modules/.pnpm/@clerk+shared@3.47.3
_react-dom@19.0.0_react@19.0.0__react@19.0.0/nod
e_modules/@clerk/shared/dist/runtime/organizatio
n-Cjbx2E0F.js
919 2026-04-06+04:49:10.4670953840 /root/lumina-
clean-v6/node_modules/.pnpm/@clerk+shared@3.47.3
_react-dom@19.0.0_react@19.0.0__react@19.0.0/nod
e_modules/@clerk/shared/dist/runtime/organizatio
n-Cjbx2E0F.js.map
724 2026-04-06+04:49:18.7310953800 /root/lumina-
clean-v6/node_modules/.pnpm/@clerk+shared@3.47.3
_react-dom@19.0.0_react@19.0.0__react@19.0.0/nod
e_modules/@clerk/shared/dist/runtime/organizatio
n.d.mts
164 2026-04-06+04:49:10.5070953840 /root/lumina-
clean-v6/node_modules/.pnpm/@clerk+shared@3.47.3
_react-dom@19.0.0_react@19.0.0__react@19.0.0/nod
e_modules/@clerk/shared/dist/runtime/organizatio
n.d.mts.map
722 2026-04-06+04:49:21.1070953790 /root/lumina-
clean-v6/node_modules/.pnpm/@clerk+shared@3.47.3
_react-dom@19.0.0_react@19.0.0__react@19.0.0/nod
e_modules/@clerk/shared/dist/runtime/organizatio
n.d.ts
163 2026-04-06+04:49:10.5390953840 /root/lumina-
clean-v6/node_modules/.pnpm/@clerk+shared@3.47.3
_react-dom@19.0.0_react@19.0.0__react@19.0.0/nod
e_modules/@clerk/shared/dist/runtime/organizatio
n.d.ts.map
166 2026-04-06+04:49:05.6310953850 /root/lumina-
clean-v6/node_modules/.pnpm/@clerk+shared@3.47.3
_react-dom@19.0.0_react@19.0.0__react@19.0.0/nod
e_modules/@clerk/shared/dist/runtime/organizatio
n.js
125 2026-04-06+04:49:16.2470953810 /root/lumina-
clean-v6/node_modules/.pnpm/@clerk+shared@3.47.3
_react-dom@19.0.0_react@19.0.0__react@19.0.0/nod
e_modules/@clerk/shared/dist/runtime/organizatio
n.mjs
772 2026-04-06+04:49:16.2910953810 /root/lumina-
clean-v6/node_modules/.pnpm/@clerk+shared@3.47.3
_react-dom@19.0.0_react@19.0.0__react@19.0.0/nod
e_modules/@clerk/shared/dist/runtime/pathMatcher
-B0k8rNqO.mjs
1393 2026-04-06+04:49:10.5590953830 /root/lumina
-clean-v6/node_modules/.pnpm/@clerk+shared@3.47.
3_react-dom@19.0.0_react@19.0.0__react@19.0.0/no
de_modules/@clerk/shared/dist/runtime/pathMatche
r-B0k8rNqO.mjs.map
903 2026-04-06+04:49:05.6550953850 /root/lumina-
clean-v6/node_modules/.pnpm/@clerk+shared@3.47.3
_react-dom@19.0.0_react@19.0.0__react@19.0.0/nod
e_modules/@clerk/shared/dist/runtime/pathMatcher
-Co1RhryO.js
1408 2026-04-06+04:49:10.5950953830 /root/lumina
-clean-v6/node_modules/.pnpm/@clerk+shared@3.47.
3_react-dom@19.0.0_react@19.0.0__react@19.0.0/no
de_modules/@clerk/shared/dist/runtime/pathMatche
r-Co1RhryO.js.map
779 2026-04-06+04:49:21.1430953790 /root/lumina-
clean-v6/node_modules/.pnpm/@clerk+shared@3.47.3
_react-dom@19.0.0_react@19.0.0__react@19.0.0/nod
e_modules/@clerk/shared/dist/runtime/pathMatcher
-D5Pt_ADL.d.ts
350 2026-04-06+04:49:10.6310953830 /root/lumina-
clean-v6/node_modules/.pnpm/@clerk+shared@3.47.3
_react-dom@19.0.0_react@19.0.0__react@19.0.0/nod
e_modules/@clerk/shared/dist/runtime/pathMatcher
-D5Pt_ADL.d.ts.map
236 2026-04-06+04:49:18.7830953800 /root/lumina-
clean-v6/node_modules/.pnpm/@clerk+shared@3.47.3
_react-dom@19.0.0_react@19.0.0__react@19.0.0/nod
e_modules/@clerk/shared/dist/runtime/pathMatcher
.d.mts
234 2026-04-06+04:49:21.1750953790 /root/lumina-
clean-v6/node_modules/.pnpm/@clerk+shared@3.47.3
_react-dom@19.0.0_react@19.0.0__react@19.0.0/nod
e_modules/@clerk/shared/dist/runtime/pathMatcher
.d.ts
172 2026-04-06+04:49:05.6590953850 /root/lumina-
clean-v6/node_modules/.pnpm/@clerk+shared@3.47.3
_react-dom@19.0.0_react@19.0.0__react@19.0.0/nod
e_modules/@clerk/shared/dist/runtime/pathMatcher
.js
781 2026-04-06+04:49:18.7550953800 /root/lumina-
clean-v6/node_modules/.pnpm/@clerk+shared@3.47.3
_react-dom@19.0.0_react@19.0.0__react@19.0.0/nod
e_modules/@clerk/shared/dist/runtime/pathMatcher
-loGQX0QF.d.mts
350 2026-04-06+04:49:10.6630953830 /root/lumina-
clean-v6/node_modules/.pnpm/@clerk+shared@3.47.3
_react-dom@19.0.0_react@19.0.0__react@19.0.0/nod
e_modules/@clerk/shared/dist/runtime/pathMatcher
-loGQX0QF.d.mts.map
132 2026-04-06+04:49:16.3670953810 /root/lumina-
clean-v6/node_modules/.pnpm/@clerk+shared@3.47.3
_react-dom@19.0.0_react@19.0.0__react@19.0.0/nod
e_modules/@clerk/shared/dist/runtime/pathMatcher
.mjs
7046 2026-04-06+04:49:16.4230953810 /root/lumina
-clean-v6/node_modules/.pnpm/@clerk+shared@3.47.
3_react-dom@19.0.0_react@19.0.0__react@19.0.0/no
de_modules/@clerk/shared/dist/runtime/pathToRege
xp-Bu45OrlU.mjs
18199 2026-04-06+04:49:10.6950953830 /root/lumin
a-clean-v6/node_modules/.pnpm/@clerk+shared@3.47
.3_react-dom@19.0.0_react@19.0.0__react@19.0.0/n
ode_modules/@clerk/shared/dist/runtime/pathToReg
exp-Bu45OrlU.mjs.map
2276 2026-04-06+04:49:18.7990953800 /root/lumina
-clean-v6/node_modules/.pnpm/@clerk+shared@3.47.
3_react-dom@19.0.0_react@19.0.0__react@19.0.0/no
de_modules/@clerk/shared/dist/runtime/pathToRege
xp.d.mts
610 2026-04-06+04:49:10.7590953830 /root/lumina-
clean-v6/node_modules/.pnpm/@clerk+shared@3.47.3
_react-dom@19.0.0_react@19.0.0__react@19.0.0/nod
e_modules/@clerk/shared/dist/runtime/pathToRegex
p.d.mts.map
7246 2026-04-06+04:49:05.6750953850 /root/lumina
-clean-v6/node_modules/.pnpm/@clerk+shared@3.47.
3_react-dom@19.0.0_react@19.0.0__react@19.0.0/no
de_modules/@clerk/shared/dist/runtime/pathToRege
xp-DNM_UlMK.js
18199 2026-04-06+04:49:10.7310953830 /root/lumin
a-clean-v6/node_modules/.pnpm/@clerk+shared@3.47
.3_react-dom@19.0.0_react@19.0.0__react@19.0.0/n
ode_modules/@clerk/shared/dist/runtime/pathToReg
exp-DNM_UlMK.js.map
2275 2026-04-06+04:49:21.2030953790 /root/lumina
-clean-v6/node_modules/.pnpm/@clerk+shared@3.47.
3_react-dom@19.0.0_react@19.0.0__react@19.0.0/no
de_modules/@clerk/shared/dist/runtime/pathToRege
xp.d.ts
609 2026-04-06+04:49:10.8390953830 /root/lumina-
clean-v6/node_modules/.pnpm/@clerk+shared@3.47.3
_react-dom@19.0.0_react@19.0.0__react@19.0.0/nod
e_modules/@clerk/shared/dist/runtime/pathToRegex
p.d.ts.map
170 2026-04-06+04:49:05.6830953850 /root/lumina-
clean-v6/node_modules/.pnpm/@clerk+shared@3.47.3
_react-dom@19.0.0_react@19.0.0__react@19.0.0/nod
e_modules/@clerk/shared/dist/runtime/pathToRegex
p.js
99 2026-04-06+04:49:16.8030953810 /root/lumina-c
lean-v6/node_modules/.pnpm/@clerk+shared@3.47.3_
react-dom@19.0.0_react@19.0.0__react@19.0.0/node
_modules/@clerk/shared/dist/runtime/pathToRegexp
.mjs
460 2026-04-06+04:49:21.2390953790 /root/lumina-
clean-v6/node_modules/.pnpm/@clerk+shared@3.47.3
_react-dom@19.0.0_react@19.0.0__react@19.0.0/nod
e_modules/@clerk/shared/dist/runtime/poller-CIrx
6NwR.d.ts
469 2026-04-06+04:49:11.2030953830 /root/lumina-
clean-v6/node_modules/.pnpm/@clerk+shared@3.47.3
_react-dom@19.0.0_react@19.0.0__react@19.0.0/nod
e_modules/@clerk/shared/dist/runtime/poller-CIrx
6NwR.d.ts.map
743 2026-04-06+04:49:05.6910953850 /root/lumina-
clean-v6/node_modules/.pnpm/@clerk+shared@3.47.3
_react-dom@19.0.0_react@19.0.0__react@19.0.0/nod
e_modules/@clerk/shared/dist/runtime/poller-CVTU
NwuX.js
1526 2026-04-06+04:49:11.2430953830 /root/lumina
-clean-v6/node_modules/.pnpm/@clerk+shared@3.47.
3_react-dom@19.0.0_react@19.0.0__react@19.0.0/no
de_modules/@clerk/shared/dist/runtime/poller-CVT
UNwuX.js.map
629 2026-04-06+04:49:16.8350953810 /root/lumina-
clean-v6/node_modules/.pnpm/@clerk+shared@3.47.3
_react-dom@19.0.0_react@19.0.0__react@19.0.0/nod
e_modules/@clerk/shared/dist/runtime/poller-DA-n
eXTk.mjs
1505 2026-04-06+04:49:11.2870953830 /root/lumina
-clean-v6/node_modules/.pnpm/@clerk+shared@3.47.
3_react-dom@19.0.0_react@19.0.0__react@19.0.0/no
de_modules/@clerk/shared/dist/runtime/poller-DA-
neXTk.mjs.map
144 2026-04-06+04:49:18.8390953800 /root/lumina-
clean-v6/node_modules/.pnpm/@clerk+shared@3.47.3
_react-dom@19.0.0_react@19.0.0__react@19.0.0/nod
e_modules/@clerk/shared/dist/runtime/poller.d.mt
s
143 2026-04-06+04:49:21.2670953790 /root/lumina-
clean-v6/node_modules/.pnpm/@clerk+shared@3.47.3
_react-dom@19.0.0_react@19.0.0__react@19.0.0/nod
e_modules/@clerk/shared/dist/runtime/poller.d.ts
461 2026-04-06+04:49:18.8150953800 /root/lumina-
clean-v6/node_modules/.pnpm/@clerk+shared@3.47.3
_react-dom@19.0.0_react@19.0.0__react@19.0.0/nod
e_modules/@clerk/shared/dist/runtime/poller-I92D
ozmd.d.mts
470 2026-04-06+04:49:11.3310953830 /root/lumina-
clean-v6/node_modules/.pnpm/@clerk+shared@3.47.3
_react-dom@19.0.0_react@19.0.0__react@19.0.0/nod
e_modules/@clerk/shared/dist/runtime/poller-I92D
ozmd.d.mts.map
166 2026-04-06+04:49:05.6990953850 /root/lumina-
clean-v6/node_modules/.pnpm/@clerk+shared@3.47.3
_react-dom@19.0.0_react@19.0.0__react@19.0.0/nod
e_modules/@clerk/shared/dist/runtime/poller.js
135 2026-04-06+04:49:16.8510953810 /root/lumina-
clean-v6/node_modules/.pnpm/@clerk+shared@3.47.3
_react-dom@19.0.0_react@19.0.0__react@19.0.0/nod
e_modules/@clerk/shared/dist/runtime/poller.mjs
570 2026-04-06+04:49:16.8910953810 /root/lumina-
clean-v6/node_modules/.pnpm/@clerk+shared@3.47.3
_react-dom@19.0.0_react@19.0.0__react@19.0.0/nod
e_modules/@clerk/shared/dist/runtime/proxy-Bq8EH
ApG.mjs
1002 2026-04-06+04:49:11.6790953830 /root/lumina
-clean-v6/node_modules/.pnpm/@clerk+shared@3.47.
3_react-dom@19.0.0_react@19.0.0__react@19.0.0/no
de_modules/@clerk/shared/dist/runtime/proxy-Bq8E
HApG.mjs.map
1014 2026-04-06+04:49:05.7110953850 /root/lumina
-clean-v6/node_modules/.pnpm/@clerk+shared@3.47.
3_react-dom@19.0.0_react@19.0.0__react@19.0.0/no
de_modules/@clerk/shared/dist/runtime/proxy-B_Yu
i2Mf.js
1002 2026-04-06+04:49:11.5750953830 /root/lumina
-clean-v6/node_modules/.pnpm/@clerk+shared@3.47.
3_react-dom@19.0.0_react@19.0.0__react@19.0.0/no
de_modules/@clerk/shared/dist/runtime/proxy-B_Yu
i2Mf.js.map
435 2026-04-06+04:49:18.8630953800 /root/lumina-
clean-v6/node_modules/.pnpm/@clerk+shared@3.47.3
_react-dom@19.0.0_react@19.0.0__react@19.0.0/nod
e_modules/@clerk/shared/dist/runtime/proxy-CTzlL
3aE.d.mts
309 2026-04-06+04:49:11.7910953830 /root/lumina-
clean-v6/node_modules/.pnpm/@clerk+shared@3.47.3
_react-dom@19.0.0_react@19.0.0__react@19.0.0/nod
e_modules/@clerk/shared/dist/runtime/proxy-CTzlL
3aE.d.mts.map
199 2026-04-06+04:49:18.8790953800 /root/lumina-
clean-v6/node_modules/.pnpm/@clerk+shared@3.47.3
_react-dom@19.0.0_react@19.0.0__react@19.0.0/nod
e_modules/@clerk/shared/dist/runtime/proxy.d.mts
198 2026-04-06+04:49:21.3270953790 /root/lumina-
clean-v6/node_modules/.pnpm/@clerk+shared@3.47.3
_react-dom@19.0.0_react@19.0.0__react@19.0.0/nod
e_modules/@clerk/shared/dist/runtime/proxy.d.ts
296 2026-04-06+04:49:05.7190953850 /root/lumina-
clean-v6/node_modules/.pnpm/@clerk+shared@3.47.3
_react-dom@19.0.0_react@19.0.0__react@19.0.0/nod
e_modules/@clerk/shared/dist/runtime/proxy.js
200 2026-04-06+04:49:16.9030953810 /root/lumina-
clean-v6/node_modules/.pnpm/@clerk+shared@3.47.3
_react-dom@19.0.0_react@19.0.0__react@19.0.0/nod
e_modules/@clerk/shared/dist/runtime/proxy.mjs
434 2026-04-06+04:49:21.2990953790 /root/lumina-
clean-v6/node_modules/.pnpm/@clerk+shared@3.47.3
_react-dom@19.0.0_react@19.0.0__react@19.0.0/nod
e_modules/@clerk/shared/dist/runtime/proxy-QCdxw
hZi.d.ts
308 2026-04-06+04:49:11.8870953830 /root/lumina-
clean-v6/node_modules/.pnpm/@clerk+shared@3.47.3
_react-dom@19.0.0_react@19.0.0__react@19.0.0/nod
e_modules/@clerk/shared/dist/runtime/proxy-QCdxw
hZi.d.ts.map
56647 2026-04-06+04:49:18.1470953810 /root/lumin
a-clean-v6/node_modules/.pnpm/@clerk+shared@3.47
.3_react-dom@19.0.0_react@19.0.0__react@19.0.0/n
ode_modules/@clerk/shared/dist/runtime/react/ind
ex.d.mts
11444 2026-04-06+04:49:09.1550953840 /root/lumin
a-clean-v6/node_modules/.pnpm/@clerk+shared@3.47
.3_react-dom@19.0.0_react@19.0.0__react@19.0.0/n
ode_modules/@clerk/shared/dist/runtime/react/ind
ex.d.mts.map
56615 2026-04-06+04:49:20.4750953800 /root/lumin
a-clean-v6/node_modules/.pnpm/@clerk+shared@3.47
.3_react-dom@19.0.0_react@19.0.0__react@19.0.0/n
ode_modules/@clerk/shared/dist/runtime/react/ind
ex.d.ts
11443 2026-04-06+04:49:09.1790953840 /root/lumin
a-clean-v6/node_modules/.pnpm/@clerk+shared@3.47
.3_react-dom@19.0.0_react@19.0.0__react@19.0.0/n
ode_modules/@clerk/shared/dist/runtime/react/ind
ex.d.ts.map
87565 2026-04-06+04:49:04.5990953860 /root/lumin
a-clean-v6/node_modules/.pnpm/@clerk+shared@3.47
.3_react-dom@19.0.0_react@19.0.0__react@19.0.0/n
ode_modules/@clerk/shared/dist/runtime/react/ind
ex.js
175039 2026-04-06+04:49:09.2030953840 /root/lumi
na-clean-v6/node_modules/.pnpm/@clerk+shared@3.4
7.3_react-dom@19.0.0_react@19.0.0__react@19.0.0/
node_modules/@clerk/shared/dist/runtime/react/in
dex.js.map
85182 2026-04-06+04:49:15.5390953820 /root/lumin
a-clean-v6/node_modules/.pnpm/@clerk+shared@3.47
.3_react-dom@19.0.0_react@19.0.0__react@19.0.0/n
ode_modules/@clerk/shared/dist/runtime/react/ind
ex.mjs
174701 2026-04-06+04:49:09.2190953840 /root/lumi
na-clean-v6/node_modules/.pnpm/@clerk+shared@3.4
7.3_react-dom@19.0.0_react@19.0.0__react@19.0.0/
node_modules/@clerk/shared/dist/runtime/react/in
dex.mjs.map
1683 2026-04-06+04:49:16.9190953810 /root/lumina
-clean-v6/node_modules/.pnpm/@clerk+shared@3.47.
3_react-dom@19.0.0_react@19.0.0__react@19.0.0/no
de_modules/@clerk/shared/dist/runtime/retry-DAlT
ROH9.mjs
4757 2026-04-06+04:49:12.0510953830 /root/lumina
-clean-v6/node_modules/.pnpm/@clerk+shared@3.47.
3_react-dom@19.0.0_react@19.0.0__react@19.0.0/no
de_modules/@clerk/shared/dist/runtime/retry-DAlT
ROH9.mjs.map
1936 2026-04-06+04:49:18.8990953800 /root/lumina
-clean-v6/node_modules/.pnpm/@clerk+shared@3.47.
3_react-dom@19.0.0_react@19.0.0__react@19.0.0/no
de_modules/@clerk/shared/dist/runtime/retry.d.mt
s
302 2026-04-06+04:49:12.3390953830 /root/lumina-
clean-v6/node_modules/.pnpm/@clerk+shared@3.47.3
_react-dom@19.0.0_react@19.0.0__react@19.0.0/nod
e_modules/@clerk/shared/dist/runtime/retry.d.mts
.map
1935 2026-04-06+04:49:21.3630953790 /root/lumina
-clean-v6/node_modules/.pnpm/@clerk+shared@3.47.
3_react-dom@19.0.0_react@19.0.0__react@19.0.0/no
de_modules/@clerk/shared/dist/runtime/retry.d.ts
301 2026-04-06+04:49:12.3950953830 /root/lumina-
clean-v6/node_modules/.pnpm/@clerk+shared@3.47.3
_react-dom@19.0.0_react@19.0.0__react@19.0.0/nod
e_modules/@clerk/shared/dist/runtime/retry.d.ts.
map
91 2026-04-06+04:49:05.7350953850 /root/lumina-c
lean-v6/node_modules/.pnpm/@clerk+shared@3.47.3_
react-dom@19.0.0_react@19.0.0__react@19.0.0/node
_modules/@clerk/shared/dist/runtime/retry.js
64 2026-04-06+04:49:16.9430953810 /root/lumina-c
lean-v6/node_modules/.pnpm/@clerk+shared@3.47.3_
react-dom@19.0.0_react@19.0.0__react@19.0.0/node
_modules/@clerk/shared/dist/runtime/retry.mjs
1774 2026-04-06+04:49:05.7310953850 /root/lumina
-clean-v6/node_modules/.pnpm/@clerk+shared@3.47.
3_react-dom@19.0.0_react@19.0.0__react@19.0.0/no
de_modules/@clerk/shared/dist/runtime/retry-rhkP
bMCS.js
4757 2026-04-06+04:49:12.2030953830 /root/lumina
-clean-v6/node_modules/.pnpm/@clerk+shared@3.47.
3_react-dom@19.0.0_react@19.0.0__react@19.0.0/no
de_modules/@clerk/shared/dist/runtime/retry-rhkP
bMCS.js.map
3011 2026-04-06+04:49:18.9030953800 /root/lumina
-clean-v6/node_modules/.pnpm/@clerk+shared@3.47.
3_react-dom@19.0.0_react@19.0.0__react@19.0.0/no
de_modules/@clerk/shared/dist/runtime/router.d.m
ts
1186 2026-04-06+04:49:12.4590953830 /root/lumina
-clean-v6/node_modules/.pnpm/@clerk+shared@3.47.
3_react-dom@19.0.0_react@19.0.0__react@19.0.0/no
de_modules/@clerk/shared/dist/runtime/router.d.m
ts.map
3009 2026-04-06+04:49:21.4030953790 /root/lumina
-clean-v6/node_modules/.pnpm/@clerk+shared@3.47.
3_react-dom@19.0.0_react@19.0.0__react@19.0.0/no
de_modules/@clerk/shared/dist/runtime/router.d.t
s
1185 2026-04-06+04:49:12.5110953830 /root/lumina
-clean-v6/node_modules/.pnpm/@clerk+shared@3.47.
3_react-dom@19.0.0_react@19.0.0__react@19.0.0/no
de_modules/@clerk/shared/dist/runtime/router.d.t
s.map
4640 2026-04-06+04:49:05.7470953850 /root/lumina
-clean-v6/node_modules/.pnpm/@clerk+shared@3.47.
3_react-dom@19.0.0_react@19.0.0__react@19.0.0/no
de_modules/@clerk/shared/dist/runtime/router.js
8592 2026-04-06+04:49:12.5630953830 /root/lumina
-clean-v6/node_modules/.pnpm/@clerk+shared@3.47.
3_react-dom@19.0.0_react@19.0.0__react@19.0.0/no
de_modules/@clerk/shared/dist/runtime/router.js.
map
4363 2026-04-06+04:49:16.9550953810 /root/lumina
-clean-v6/node_modules/.pnpm/@clerk+shared@3.47.
3_react-dom@19.0.0_react@19.0.0__react@19.0.0/no
de_modules/@clerk/shared/dist/runtime/router.mjs
8548 2026-04-06+04:49:12.6310953830 /root/lumina
-clean-v6/node_modules/.pnpm/@clerk+shared@3.47.
3_react-dom@19.0.0_react@19.0.0__react@19.0.0/no
de_modules/@clerk/shared/dist/runtime/router.mjs
.map
558 2026-04-06+04:49:16.9750953810 /root/lumina-
clean-v6/node_modules/.pnpm/@clerk+shared@3.47.3
_react-dom@19.0.0_react@19.0.0__react@19.0.0/nod
e_modules/@clerk/shared/dist/runtime/runtimeEnvi
ronment-BB2sO-19.mjs
1171 2026-04-06+04:49:12.6830953830 /root/lumina
-clean-v6/node_modules/.pnpm/@clerk+shared@3.47.
3_react-dom@19.0.0_react@19.0.0__react@19.0.0/no
de_modules/@clerk/shared/dist/runtime/runtimeEnv
ironment-BB2sO-19.mjs.map
902 2026-04-06+04:49:05.7590953850 /root/lumina-
clean-v6/node_modules/.pnpm/@clerk+shared@3.47.3
_react-dom@19.0.0_react@19.0.0__react@19.0.0/nod
e_modules/@clerk/shared/dist/runtime/runtimeEnvi
ronment-MfBG-86q.js
1171 2026-04-06+04:49:12.7510953830 /root/lumina
-clean-v6/node_modules/.pnpm/@clerk+shared@3.47.
3_react-dom@19.0.0_react@19.0.0__react@19.0.0/no
de_modules/@clerk/shared/dist/runtime/runtimeEnv
ironment-MfBG-86q.js.map
183 2026-04-06+04:49:18.9270953800 /root/lumina-
clean-v6/node_modules/.pnpm/@clerk+shared@3.47.3
_react-dom@19.0.0_react@19.0.0__react@19.0.0/nod
e_modules/@clerk/shared/dist/runtime/saml.d.mts
122 2026-04-06+04:49:12.8030953830 /root/lumina-
clean-v6/node_modules/.pnpm/@clerk+shared@3.47.3
_react-dom@19.0.0_react@19.0.0__react@19.0.0/nod
e_modules/@clerk/shared/dist/runtime/saml.d.mts.
map
181 2026-04-06+04:49:21.4350953790 /root/lumina-
clean-v6/node_modules/.pnpm/@clerk+shared@3.47.3
_react-dom@19.0.0_react@19.0.0__react@19.0.0/nod
e_modules/@clerk/shared/dist/runtime/saml.d.ts
121 2026-04-06+04:49:12.8470953830 /root/lumina-
clean-v6/node_modules/.pnpm/@clerk+shared@3.47.3
_react-dom@19.0.0_react@19.0.0__react@19.0.0/nod
e_modules/@clerk/shared/dist/runtime/saml.d.ts.m
ap
380 2026-04-06+04:49:05.7670953850 /root/lumina-
clean-v6/node_modules/.pnpm/@clerk+shared@3.47.3
_react-dom@19.0.0_react@19.0.0__react@19.0.0/nod
e_modules/@clerk/shared/dist/runtime/saml.js
690 2026-04-06+04:49:12.8990953830 /root/lumina-
clean-v6/node_modules/.pnpm/@clerk+shared@3.47.3
_react-dom@19.0.0_react@19.0.0__react@19.0.0/nod
e_modules/@clerk/shared/dist/runtime/saml.js.map
371 2026-04-06+04:49:16.9910953810 /root/lumina-
clean-v6/node_modules/.pnpm/@clerk+shared@3.47.3
_react-dom@19.0.0_react@19.0.0__react@19.0.0/nod
e_modules/@clerk/shared/dist/runtime/saml.mjs
690 2026-04-06+04:49:12.9470953830 /root/lumina-
clean-v6/node_modules/.pnpm/@clerk+shared@3.47.3
_react-dom@19.0.0_react@19.0.0__react@19.0.0/nod
e_modules/@clerk/shared/dist/runtime/saml.mjs.ma
p
17909 2026-04-06+04:49:05.7790953850 /root/lumin
a-clean-v6/node_modules/.pnpm/@clerk+shared@3.47
.3_react-dom@19.0.0_react@19.0.0__react@19.0.0/n
ode_modules/@clerk/shared/dist/runtime/telemetry
-DKa_Z2f1.js
36144 2026-04-06+04:49:12.9710953830 /root/lumin
a-clean-v6/node_modules/.pnpm/@clerk+shared@3.47
.3_react-dom@19.0.0_react@19.0.0__react@19.0.0/n
ode_modules/@clerk/shared/dist/runtime/telemetry
-DKa_Z2f1.js.map
5534 2026-04-06+04:49:18.9390953800 /root/lumina
-clean-v6/node_modules/.pnpm/@clerk+shared@3.47.
3_react-dom@19.0.0_react@19.0.0__react@19.0.0/no
de_modules/@clerk/shared/dist/runtime/telemetry.
d.mts
1894 2026-04-06+04:49:13.0230953830 /root/lumina
-clean-v6/node_modules/.pnpm/@clerk+shared@3.47.
3_react-dom@19.0.0_react@19.0.0__react@19.0.0/no
de_modules/@clerk/shared/dist/runtime/telemetry.
d.mts.map
5532 2026-04-06+04:49:21.4630953790 /root/lumina
-clean-v6/node_modules/.pnpm/@clerk+shared@3.47.
3_react-dom@19.0.0_react@19.0.0__react@19.0.0/no
de_modules/@clerk/shared/dist/runtime/telemetry.
d.ts
1893 2026-04-06+04:49:13.0390953830 /root/lumina
-clean-v6/node_modules/.pnpm/@clerk+shared@3.47.
3_react-dom@19.0.0_react@19.0.0__react@19.0.0/no
de_modules/@clerk/shared/dist/runtime/telemetry.
d.ts.map
899 2026-04-06+04:49:05.7870953850 /root/lumina-
clean-v6/node_modules/.pnpm/@clerk+shared@3.47.3
_react-dom@19.0.0_react@19.0.0__react@19.0.0/nod
e_modules/@clerk/shared/dist/runtime/telemetry.j
s
643 2026-04-06+04:49:17.0390953810 /root/lumina-
clean-v6/node_modules/.pnpm/@clerk+shared@3.47.3
_react-dom@19.0.0_react@19.0.0__react@19.0.0/nod
e_modules/@clerk/shared/dist/runtime/telemetry.m
js
16808 2026-04-06+04:49:17.0190953810 /root/lumin
a-clean-v6/node_modules/.pnpm/@clerk+shared@3.47
.3_react-dom@19.0.0_react@19.0.0__react@19.0.0/n
ode_modules/@clerk/shared/dist/runtime/telemetry
-wqMDWlvR.mjs
36106 2026-04-06+04:49:12.9870953830 /root/lumin
a-clean-v6/node_modules/.pnpm/@clerk+shared@3.47
.3_react-dom@19.0.0_react@19.0.0__react@19.0.0/n
ode_modules/@clerk/shared/dist/runtime/telemetry
-wqMDWlvR.mjs.map
33187 2026-04-06+04:49:18.1550953810 /root/lumin
a-clean-v6/node_modules/.pnpm/@clerk+shared@3.47
.3_react-dom@19.0.0_react@19.0.0__react@19.0.0/n
ode_modules/@clerk/shared/dist/runtime/types/ind
ex.d.mts
33186 2026-04-06+04:49:20.5230953800 /root/lumin
a-clean-v6/node_modules/.pnpm/@clerk+shared@3.47
.3_react-dom@19.0.0_react@19.0.0__react@19.0.0/n
ode_modules/@clerk/shared/dist/runtime/types/ind
ex.d.ts
0 2026-02-11+01:45:24.9793333730 /root/lumina-cl
ean-v6/node_modules/.pnpm/@clerk+shared@3.47.3_r
eact-dom@19.0.0_react@19.0.0__react@19.0.0/node_
modules/@clerk/shared/dist/runtime/types/index.j
s
0 2026-02-11+01:45:24.9793333730 /root/lumina-cl
ean-v6/node_modules/.pnpm/@clerk+shared@3.47.3_r
eact-dom@19.0.0_react@19.0.0__react@19.0.0/node_
modules/@clerk/shared/dist/runtime/types/index.m
js
4638 2026-04-06+04:49:05.8030953850 /root/lumina
-clean-v6/node_modules/.pnpm/@clerk+shared@3.47.
3_react-dom@19.0.0_react@19.0.0__react@19.0.0/no
de_modules/@clerk/shared/dist/runtime/underscore
-C7r5Yoz7.js
6095 2026-04-06+04:49:13.0430953830 /root/lumina
-clean-v6/node_modules/.pnpm/@clerk+shared@3.47.
3_react-dom@19.0.0_react@19.0.0__react@19.0.0/no
de_modules/@clerk/shared/dist/runtime/underscore
-C7r5Yoz7.js.map
2108 2026-04-06+04:49:21.5390953790 /root/lumina
-clean-v6/node_modules/.pnpm/@clerk+shared@3.47.
3_react-dom@19.0.0_react@19.0.0__react@19.0.0/no
de_modules/@clerk/shared/dist/runtime/underscore
-D7jy9HIv.d.ts
436 2026-04-06+04:49:13.0430953830 /root/lumina-
clean-v6/node_modules/.pnpm/@clerk+shared@3.47.3
_react-dom@19.0.0_react@19.0.0__react@19.0.0/nod
e_modules/@clerk/shared/dist/runtime/underscore-
D7jy9HIv.d.ts.map
2109 2026-04-06+04:49:18.9550953800 /root/lumina
-clean-v6/node_modules/.pnpm/@clerk+shared@3.47.
3_react-dom@19.0.0_react@19.0.0__react@19.0.0/no
de_modules/@clerk/shared/dist/runtime/underscore
-D90CHGGe.d.mts
437 2026-04-06+04:49:13.0710953830 /root/lumina-
clean-v6/node_modules/.pnpm/@clerk+shared@3.47.3
_react-dom@19.0.0_react@19.0.0__react@19.0.0/nod
e_modules/@clerk/shared/dist/runtime/underscore-
D90CHGGe.d.mts.map
3660 2026-04-06+04:49:17.0470953810 /root/lumina
-clean-v6/node_modules/.pnpm/@clerk+shared@3.47.
3_react-dom@19.0.0_react@19.0.0__react@19.0.0/no
de_modules/@clerk/shared/dist/runtime/underscore
-DjQrhefX.mjs
6095 2026-04-06+04:49:13.0950953830 /root/lumina
-clean-v6/node_modules/.pnpm/@clerk+shared@3.47.
3_react-dom@19.0.0_react@19.0.0__react@19.0.0/no
de_modules/@clerk/shared/dist/runtime/underscore
-DjQrhefX.mjs.map
322 2026-04-06+04:49:18.9750953800 /root/lumina-
clean-v6/node_modules/.pnpm/@clerk+shared@3.47.3
_react-dom@19.0.0_react@19.0.0__react@19.0.0/nod
e_modules/@clerk/shared/dist/runtime/underscore.
d.mts
321 2026-04-06+04:49:21.6430953790 /root/lumina-
clean-v6/node_modules/.pnpm/@clerk+shared@3.47.3
_react-dom@19.0.0_react@19.0.0__react@19.0.0/nod
e_modules/@clerk/shared/dist/runtime/underscore.
d.ts
584 2026-04-06+04:49:05.8110953850 /root/lumina-
clean-v6/node_modules/.pnpm/@clerk+shared@3.47.3
_react-dom@19.0.0_react@19.0.0__react@19.0.0/nod
e_modules/@clerk/shared/dist/runtime/underscore.
js
323 2026-04-06+04:49:17.0470953810 /root/lumina-
clean-v6/node_modules/.pnpm/@clerk+shared@3.47.3
_react-dom@19.0.0_react@19.0.0__react@19.0.0/nod
e_modules/@clerk/shared/dist/runtime/underscore.
mjs
4567 2026-04-06+04:49:17.0550953810 /root/lumina
-clean-v6/node_modules/.pnpm/@clerk+shared@3.47.
3_react-dom@19.0.0_react@19.0.0__react@19.0.0/no
de_modules/@clerk/shared/dist/runtime/url-Cdy8w8
vK.mjs
8404 2026-04-06+04:49:13.1230953830 /root/lumina
-clean-v6/node_modules/.pnpm/@clerk+shared@3.47.
3_react-dom@19.0.0_react@19.0.0__react@19.0.0/no
de_modules/@clerk/shared/dist/runtime/url-Cdy8w8
vK.mjs.map
6518 2026-04-06+04:49:05.8190953850 /root/lumina
-clean-v6/node_modules/.pnpm/@clerk+shared@3.47.
3_react-dom@19.0.0_react@19.0.0__react@19.0.0/no
de_modules/@clerk/shared/dist/runtime/url-Clb-n8
zC.js
8482 2026-04-06+04:49:13.1470953830 /root/lumina
-clean-v6/node_modules/.pnpm/@clerk+shared@3.47.
3_react-dom@19.0.0_react@19.0.0__react@19.0.0/no
de_modules/@clerk/shared/dist/runtime/url-Clb-n8
zC.js.map
707 2026-04-06+04:49:19.0110953800 /root/lumina-
clean-v6/node_modules/.pnpm/@clerk+shared@3.47.3
_react-dom@19.0.0_react@19.0.0__react@19.0.0/nod
e_modules/@clerk/shared/dist/runtime/url.d.mts
706 2026-04-06+04:49:21.7510953790 /root/lumina-
clean-v6/node_modules/.pnpm/@clerk+shared@3.47.3
_react-dom@19.0.0_react@19.0.0__react@19.0.0/nod
e_modules/@clerk/shared/dist/runtime/url.d.ts
1138 2026-04-06+04:49:05.8270953850 /root/lumina
-clean-v6/node_modules/.pnpm/@clerk+shared@3.47.
3_react-dom@19.0.0_react@19.0.0__react@19.0.0/no
de_modules/@clerk/shared/dist/runtime/url.js
777 2026-04-06+04:49:17.0630953810 /root/lumina-
clean-v6/node_modules/.pnpm/@clerk+shared@3.47.3
_react-dom@19.0.0_react@19.0.0__react@19.0.0/nod
e_modules/@clerk/shared/dist/runtime/url.mjs
2047 2026-04-06+04:49:21.6910953790 /root/lumina
-clean-v6/node_modules/.pnpm/@clerk+shared@3.47.
3_react-dom@19.0.0_react@19.0.0__react@19.0.0/no
de_modules/@clerk/shared/dist/runtime/url-Ms4rig
VZ.d.ts
666 2026-04-06+04:49:13.1710953830 /root/lumina-
clean-v6/node_modules/.pnpm/@clerk+shared@3.47.3
_react-dom@19.0.0_react@19.0.0__react@19.0.0/nod
e_modules/@clerk/shared/dist/runtime/url-Ms4rigV
Z.d.ts.map
2048 2026-04-06+04:49:18.9910953800 /root/lumina
-clean-v6/node_modules/.pnpm/@clerk+shared@3.47.
3_react-dom@19.0.0_react@19.0.0__react@19.0.0/no
de_modules/@clerk/shared/dist/runtime/url-Ty-8oU
Rg.d.mts
667 2026-04-06+04:49:13.1990953820 /root/lumina-
clean-v6/node_modules/.pnpm/@clerk+shared@3.47.3
_react-dom@19.0.0_react@19.0.0__react@19.0.0/nod
e_modules/@clerk/shared/dist/runtime/url-Ty-8oUR
g.d.mts.map
2162 2026-04-06+04:49:17.0950953810 /root/lumina
-clean-v6/node_modules/.pnpm/@clerk+shared@3.47.
3_react-dom@19.0.0_react@19.0.0__react@19.0.0/no
de_modules/@clerk/shared/dist/runtime/utils-BfsP
_p13.mjs
3894 2026-04-06+04:49:13.2310953820 /root/lumina
-clean-v6/node_modules/.pnpm/@clerk+shared@3.47.
3_react-dom@19.0.0_react@19.0.0__react@19.0.0/no
de_modules/@clerk/shared/dist/runtime/utils-BfsP
_p13.mjs.map
2637 2026-04-06+04:49:05.8350953850 /root/lumina
-clean-v6/node_modules/.pnpm/@clerk+shared@3.47.
3_react-dom@19.0.0_react@19.0.0__react@19.0.0/no
de_modules/@clerk/shared/dist/runtime/utils-DJKY
BvVp.js
3920 2026-04-06+04:49:13.2430953820 /root/lumina
-clean-v6/node_modules/.pnpm/@clerk+shared@3.47.
3_react-dom@19.0.0_react@19.0.0__react@19.0.0/no
de_modules/@clerk/shared/dist/runtime/utils-DJKY
BvVp.js.map
510 2026-04-06+04:49:18.1590953810 /root/lumina-
clean-v6/node_modules/.pnpm/@clerk+shared@3.47.3
_react-dom@19.0.0_react@19.0.0__react@19.0.0/nod
e_modules/@clerk/shared/dist/runtime/utils/index
.d.mts
508 2026-04-06+04:49:20.5550953800 /root/lumina-
clean-v6/node_modules/.pnpm/@clerk+shared@3.47.3
_react-dom@19.0.0_react@19.0.0__react@19.0.0/nod
e_modules/@clerk/shared/dist/runtime/utils/index
.d.ts
1142 2026-04-06+04:49:04.6150953860 /root/lumina
-clean-v6/node_modules/.pnpm/@clerk+shared@3.47.
3_react-dom@19.0.0_react@19.0.0__react@19.0.0/no
de_modules/@clerk/shared/dist/runtime/utils/inde
x.js
702 2026-04-06+04:49:15.6270953820 /root/lumina-
clean-v6/node_modules/.pnpm/@clerk+shared@3.47.3
_react-dom@19.0.0_react@19.0.0__react@19.0.0/nod
e_modules/@clerk/shared/dist/runtime/utils/index
.mjs
1295 2026-04-06+04:49:17.1110953810 /root/lumina
-clean-v6/node_modules/.pnpm/@clerk+shared@3.47.
3_react-dom@19.0.0_react@19.0.0__react@19.0.0/no
de_modules/@clerk/shared/dist/runtime/versionSel
ector-B1dLG0_G.mjs
1774 2026-04-06+04:49:13.2710953820 /root/lumina
-clean-v6/node_modules/.pnpm/@clerk+shared@3.47.
3_react-dom@19.0.0_react@19.0.0__react@19.0.0/no
de_modules/@clerk/shared/dist/runtime/versionSel
ector-B1dLG0_G.mjs.map
938 2026-04-06+04:49:19.0230953800 /root/lumina-
clean-v6/node_modules/.pnpm/@clerk+shared@3.47.3
_react-dom@19.0.0_react@19.0.0__react@19.0.0/nod
e_modules/@clerk/shared/dist/runtime/versionSele
ctor-Btv3m_NV.d.mts
172 2026-04-06+04:49:13.2990953820 /root/lumina-
clean-v6/node_modules/.pnpm/@clerk+shared@3.47.3
_react-dom@19.0.0_react@19.0.0__react@19.0.0/nod
e_modules/@clerk/shared/dist/runtime/versionSele
ctor-Btv3m_NV.d.mts.map
937 2026-04-06+04:49:21.8030953790 /root/lumina-
clean-v6/node_modules/.pnpm/@clerk+shared@3.47.3
_react-dom@19.0.0_react@19.0.0__react@19.0.0/nod
e_modules/@clerk/shared/dist/runtime/versionSele
ctor-CP0JpoAM.d.ts
171 2026-04-06+04:49:13.3190953820 /root/lumina-
clean-v6/node_modules/.pnpm/@clerk+shared@3.47.3
_react-dom@19.0.0_react@19.0.0__react@19.0.0/nod
e_modules/@clerk/shared/dist/runtime/versionSele
ctor-CP0JpoAM.d.ts.map
127 2026-04-06+04:49:19.0470953800 /root/lumina-
clean-v6/node_modules/.pnpm/@clerk+shared@3.47.3
_react-dom@19.0.0_react@19.0.0__react@19.0.0/nod
e_modules/@clerk/shared/dist/runtime/versionSele
ctor.d.mts
126 2026-04-06+04:49:21.8510953790 /root/lumina-
clean-v6/node_modules/.pnpm/@clerk+shared@3.47.3
_react-dom@19.0.0_react@19.0.0__react@19.0.0/nod
e_modules/@clerk/shared/dist/runtime/versionSele
ctor.d.ts
1508 2026-04-06+04:49:05.8430953850 /root/lumina
-clean-v6/node_modules/.pnpm/@clerk+shared@3.47.
3_react-dom@19.0.0_react@19.0.0__react@19.0.0/no
de_modules/@clerk/shared/dist/runtime/versionSel
ector-DY0Cg9z8.js
1774 2026-04-06+04:49:13.3390953820 /root/lumina
-clean-v6/node_modules/.pnpm/@clerk+shared@3.47.
3_react-dom@19.0.0_react@19.0.0__react@19.0.0/no
de_modules/@clerk/shared/dist/runtime/versionSel
ector-DY0Cg9z8.js.map
208 2026-04-06+04:49:05.8510953850 /root/lumina-
clean-v6/node_modules/.pnpm/@clerk+shared@3.47.3
_react-dom@19.0.0_react@19.0.0__react@19.0.0/nod
e_modules/@clerk/shared/dist/runtime/versionSele
ctor.js
128 2026-04-06+04:49:17.1310953810 /root/lumina-
clean-v6/node_modules/.pnpm/@clerk+shared@3.47.3
_react-dom@19.0.0_react@19.0.0__react@19.0.0/nod
e_modules/@clerk/shared/dist/runtime/versionSele
ctor.mjs
732 2026-04-06+04:49:05.8590953850 /root/lumina-
clean-v6/node_modules/.pnpm/@clerk+shared@3.47.3
_react-dom@19.0.0_react@19.0.0__react@19.0.0/nod
e_modules/@clerk/shared/dist/runtime/waitForElem
ent-BUretf0K.js
1060 2026-04-06+04:49:13.3550953820 /root/lumina
-clean-v6/node_modules/.pnpm/@clerk+shared@3.47.
3_react-dom@19.0.0_react@19.0.0__react@19.0.0/no
de_modules/@clerk/shared/dist/runtime/waitForEle
ment-BUretf0K.js.map
632 2026-04-06+04:49:17.1310953810 /root/lumina-
clean-v6/node_modules/.pnpm/@clerk+shared@3.47.3
_react-dom@19.0.0_react@19.0.0__react@19.0.0/nod
e_modules/@clerk/shared/dist/runtime/waitForElem
ent-Cl1uDYXK.mjs
1060 2026-04-06+04:49:13.3790953820 /root/lumina
-clean-v6/node_modules/.pnpm/@clerk+shared@3.47.
3_react-dom@19.0.0_react@19.0.0__react@19.0.0/no
de_modules/@clerk/shared/dist/runtime/waitForEle
ment-Cl1uDYXK.mjs.map
294 2026-04-06+04:49:19.0670953800 /root/lumina-
clean-v6/node_modules/.pnpm/@clerk+shared@3.47.3
_react-dom@19.0.0_react@19.0.0__react@19.0.0/nod
e_modules/@clerk/shared/dist/runtime/waitForElem
ent-DiRTFjyh.d.mts
174 2026-04-06+04:49:13.3870953820 /root/lumina-
clean-v6/node_modules/.pnpm/@clerk+shared@3.47.3
_react-dom@19.0.0_react@19.0.0__react@19.0.0/nod
e_modules/@clerk/shared/dist/runtime/waitForElem
ent-DiRTFjyh.d.mts.map
293 2026-04-06+04:49:21.8990953790 /root/lumina-
clean-v6/node_modules/.pnpm/@clerk+shared@3.47.3
_react-dom@19.0.0_react@19.0.0__react@19.0.0/nod
e_modules/@clerk/shared/dist/runtime/waitForElem
ent-DQ2FkEJH.d.ts
173 2026-04-06+04:49:13.4070953820 /root/lumina-
clean-v6/node_modules/.pnpm/@clerk+shared@3.47.3
_react-dom@19.0.0_react@19.0.0__react@19.0.0/nod
e_modules/@clerk/shared/dist/runtime/waitForElem
ent-DQ2FkEJH.d.ts.map
207 2026-04-06+04:49:19.0910953800 /root/lumina-
clean-v6/node_modules/.pnpm/@clerk+shared@3.47.3
_react-dom@19.0.0_react@19.0.0__react@19.0.0/nod
e_modules/@clerk/shared/dist/runtime/web3.d.mts
124 2026-04-06+04:49:13.4230953820 /root/lumina-
clean-v6/node_modules/.pnpm/@clerk+shared@3.47.3
_react-dom@19.0.0_react@19.0.0__react@19.0.0/nod
e_modules/@clerk/shared/dist/runtime/web3.d.mts.
map
205 2026-04-06+04:49:22.0150953790 /root/lumina-
clean-v6/node_modules/.pnpm/@clerk+shared@3.47.3
_react-dom@19.0.0_react@19.0.0__react@19.0.0/nod
e_modules/@clerk/shared/dist/runtime/web3.d.ts
123 2026-04-06+04:49:13.4390953820 /root/lumina-
clean-v6/node_modules/.pnpm/@clerk+shared@3.47.3
_react-dom@19.0.0_react@19.0.0__react@19.0.0/nod
e_modules/@clerk/shared/dist/runtime/web3.d.ts.m
ap
591 2026-04-06+04:49:05.8710953850 /root/lumina-
clean-v6/node_modules/.pnpm/@clerk+shared@3.47.3
_react-dom@19.0.0_react@19.0.0__react@19.0.0/nod
e_modules/@clerk/shared/dist/runtime/web3.js
1003 2026-04-06+04:49:13.4550953820 /root/lumina
-clean-v6/node_modules/.pnpm/@clerk+shared@3.47.
3_react-dom@19.0.0_react@19.0.0__react@19.0.0/no
de_modules/@clerk/shared/dist/runtime/web3.js.ma
p
577 2026-04-06+04:49:17.1430953810 /root/lumina-
clean-v6/node_modules/.pnpm/@clerk+shared@3.47.3
_react-dom@19.0.0_react@19.0.0__react@19.0.0/nod
e_modules/@clerk/shared/dist/runtime/web3.mjs
1003 2026-04-06+04:49:13.4630953820 /root/lumina
-clean-v6/node_modules/.pnpm/@clerk+shared@3.47.
3_react-dom@19.0.0_react@19.0.0__react@19.0.0/no
de_modules/@clerk/shared/dist/runtime/web3.mjs.m
ap
377 2026-04-06+04:49:19.1070953800 /root/lumina-
clean-v6/node_modules/.pnpm/@clerk+shared@3.47.3
_react-dom@19.0.0_react@19.0.0__react@19.0.0/nod
e_modules/@clerk/shared/dist/runtime/webauthn.d.
mts
238 2026-04-06+04:49:13.4790953820 /root/lumina-
clean-v6/node_modules/.pnpm/@clerk+shared@3.47.3
_react-dom@19.0.0_react@19.0.0__react@19.0.0/nod
e_modules/@clerk/shared/dist/runtime/webauthn.d.
mts.map
376 2026-04-06+04:49:22.0590953790 /root/lumina-
clean-v6/node_modules/.pnpm/@clerk+shared@3.47.3
_react-dom@19.0.0_react@19.0.0__react@19.0.0/nod
e_modules/@clerk/shared/dist/runtime/webauthn.d.
ts
237 2026-04-06+04:49:13.4950953820 /root/lumina-
clean-v6/node_modules/.pnpm/@clerk+shared@3.47.3
_react-dom@19.0.0_react@19.0.0__react@19.0.0/nod
e_modules/@clerk/shared/dist/runtime/webauthn.d.
ts.map
886 2026-04-06+04:49:05.8750953850 /root/lumina-
clean-v6/node_modules/.pnpm/@clerk+shared@3.47.3
_react-dom@19.0.0_react@19.0.0__react@19.0.0/nod
e_modules/@clerk/shared/dist/runtime/webauthn.js
1231 2026-04-06+04:49:13.5150953820 /root/lumina
-clean-v6/node_modules/.pnpm/@clerk+shared@3.47.
3_react-dom@19.0.0_react@19.0.0__react@19.0.0/no
de_modules/@clerk/shared/dist/runtime/webauthn.j
s.map
762 2026-04-06+04:49:17.1590953810 /root/lumina-
clean-v6/node_modules/.pnpm/@clerk+shared@3.47.3
_react-dom@19.0.0_react@19.0.0__react@19.0.0/nod
e_modules/@clerk/shared/dist/runtime/webauthn.mj
s
1215 2026-04-06+04:49:13.5390953820 /root/lumina
-clean-v6/node_modules/.pnpm/@clerk+shared@3.47.
3_react-dom@19.0.0_react@19.0.0__react@19.0.0/no
de_modules/@clerk/shared/dist/runtime/webauthn.m
js.map
3802 2026-04-06+04:49:05.8830953850 /root/lumina
-clean-v6/node_modules/.pnpm/@clerk+shared@3.47.
3_react-dom@19.0.0_react@19.0.0__react@19.0.0/no
de_modules/@clerk/shared/dist/runtime/workerTime
rs-0T9WnoJq.js
6118 2026-04-06+04:49:13.6070953820 /root/lumina
-clean-v6/node_modules/.pnpm/@clerk+shared@3.47.
3_react-dom@19.0.0_react@19.0.0__react@19.0.0/no
de_modules/@clerk/shared/dist/runtime/workerTime
rs-0T9WnoJq.js.map
90 2026-04-06+04:49:18.1670953810 /root/lumina-c
lean-v6/node_modules/.pnpm/@clerk+shared@3.47.3_
react-dom@19.0.0_react@19.0.0__react@19.0.0/node
_modules/@clerk/shared/dist/runtime/workerTimers
/index.d.mts
89 2026-04-06+04:49:20.5830953800 /root/lumina-c
lean-v6/node_modules/.pnpm/@clerk+shared@3.47.3_
react-dom@19.0.0_react@19.0.0__react@19.0.0/node
_modules/@clerk/shared/dist/runtime/workerTimers
/index.d.ts
171 2026-04-06+04:49:04.6270953860 /root/lumina-
clean-v6/node_modules/.pnpm/@clerk+shared@3.47.3
_react-dom@19.0.0_react@19.0.0__react@19.0.0/nod
e_modules/@clerk/shared/dist/runtime/workerTimer
s/index.js
129 2026-04-06+04:49:15.6550953820 /root/lumina-
clean-v6/node_modules/.pnpm/@clerk+shared@3.47.3
_react-dom@19.0.0_react@19.0.0__react@19.0.0/nod
e_modules/@clerk/shared/dist/runtime/workerTimer
s/index.mjs
3678 2026-04-06+04:49:17.2030953810 /root/lumina
-clean-v6/node_modules/.pnpm/@clerk+shared@3.47.
3_react-dom@19.0.0_react@19.0.0__react@19.0.0/no
de_modules/@clerk/shared/dist/runtime/workerTime
rs-mT3yzhis.mjs
6111 2026-04-06+04:49:13.6390953820 /root/lumina
-clean-v6/node_modules/.pnpm/@clerk+shared@3.47.
3_react-dom@19.0.0_react@19.0.0__react@19.0.0/no
de_modules/@clerk/shared/dist/runtime/workerTime
rs-mT3yzhis.mjs.map
399445 2026-04-06+04:49:18.1830953810 /root/lumi
na-clean-v6/node_modules/.pnpm/@clerk+shared@3.4
7.3_react-dom@19.0.0_react@19.0.0__react@19.0.0/
node_modules/@clerk/shared/dist/types/index.d.mt
s
194586 2026-04-06+04:49:09.1630953840 /root/lumi
na-clean-v6/node_modules/.pnpm/@clerk+shared@3.4
7.3_react-dom@19.0.0_react@19.0.0__react@19.0.0/
node_modules/@clerk/shared/dist/types/index.d.mt
s.map
399444 2026-04-06+04:49:20.6070953800 /root/lumi
na-clean-v6/node_modules/.pnpm/@clerk+shared@3.4
7.3_react-dom@19.0.0_react@19.0.0__react@19.0.0/
node_modules/@clerk/shared/dist/types/index.d.ts
194591 2026-04-06+04:49:09.1910953840 /root/lumi
na-clean-v6/node_modules/.pnpm/@clerk+shared@3.4
7.3_react-dom@19.0.0_react@19.0.0__react@19.0.0/
node_modules/@clerk/shared/dist/types/index.d.ts
.map
0 2026-02-11+01:45:24.9793333730 /root/lumina-cl
ean-v6/node_modules/.pnpm/@clerk+shared@3.47.3_r
eact-dom@19.0.0_react@19.0.0__react@19.0.0/node_
modules/@clerk/shared/dist/types/index.js
0 2026-02-11+01:45:24.9793333730 /root/lumina-cl
ean-v6/node_modules/.pnpm/@clerk+shared@3.47.3_r
eact-dom@19.0.0_react@19.0.0__react@19.0.0/node_
modules/@clerk/shared/dist/types/index.mjs
44 2026-04-06+04:49:06.0790953850 /root/lumina-c
lean-v6/node_modules/.pnpm/@clerk+shared@3.47.3_
react-dom@19.0.0_react@19.0.0__react@19.0.0/node
_modules/@clerk/shared/dom/package.json
40 2026-04-06+04:49:06.1030953850 /root/lumina-c
lean-v6/node_modules/.pnpm/@clerk+shared@3.47.3_
react-dom@19.0.0_react@19.0.0__react@19.0.0/node
_modules/@clerk/shared/error/package.json
43 2026-04-06+04:49:06.6190953850 /root/lumina-c
lean-v6/node_modules/.pnpm/@clerk+shared@3.47.3_
react-dom@19.0.0_react@19.0.0__react@19.0.0/node
_modules/@clerk/shared/eventBus/package.json
39 2026-04-06+04:49:06.6470953850 /root/lumina-c
lean-v6/node_modules/.pnpm/@clerk+shared@3.47.3_
react-dom@19.0.0_react@19.0.0__react@19.0.0/node
_modules/@clerk/shared/file/package.json
49 2026-04-06+04:49:06.6630953850 /root/lumina-c
lean-v6/node_modules/.pnpm/@clerk+shared@3.47.3_
react-dom@19.0.0_react@19.0.0__react@19.0.0/node
_modules/@clerk/shared/getEnvVariable/package.js
on
40 2026-04-06+04:49:06.6790953850 /root/lumina-c
lean-v6/node_modules/.pnpm/@clerk+shared@3.47.3_
react-dom@19.0.0_react@19.0.0__react@19.0.0/node
_modules/@clerk/shared/globs/package.json
50 2026-04-06+04:49:06.6990953850 /root/lumina-c
lean-v6/node_modules/.pnpm/@clerk+shared@3.47.3_
react-dom@19.0.0_react@19.0.0__react@19.0.0/node
_modules/@clerk/shared/handleValueOrFn/package.j
son
49 2026-04-06+04:49:06.7110953850 /root/lumina-c
lean-v6/node_modules/.pnpm/@clerk+shared@3.47.3_
react-dom@19.0.0_react@19.0.0__react@19.0.0/node
_modules/@clerk/shared/isomorphicAtob/package.js
on
49 2026-04-06+04:49:06.7270953850 /root/lumina-c
lean-v6/node_modules/.pnpm/@clerk+shared@3.47.3_
react-dom@19.0.0_react@19.0.0__react@19.0.0/node
_modules/@clerk/shared/isomorphicBtoa/package.js
on
51 2026-04-06+04:49:06.7350953850 /root/lumina-c
lean-v6/node_modules/.pnpm/@clerk+shared@3.47.3_
react-dom@19.0.0_react@19.0.0__react@19.0.0/node
_modules/@clerk/shared/jwtPayloadParser/package.
json
39 2026-04-06+04:49:06.7390953850 /root/lumina-c
lean-v6/node_modules/.pnpm/@clerk+shared@3.47.3_
react-dom@19.0.0_react@19.0.0__react@19.0.0/node
_modules/@clerk/shared/keys/package.json
1066 2026-04-06+04:49:22.0990953790 /root/lumina
-clean-v6/node_modules/.pnpm/@clerk+shared@3.47.
3_react-dom@19.0.0_react@19.0.0__react@19.0.0/no
de_modules/@clerk/shared/LICENSE
52 2026-04-06+04:49:06.7470953850 /root/lumina-c
lean-v6/node_modules/.pnpm/@clerk+shared@3.47.3_
react-dom@19.0.0_react@19.0.0__react@19.0.0/node
_modules/@clerk/shared/loadClerkJsScript/package
.json
45 2026-04-06+04:49:06.7510953850 /root/lumina-c
lean-v6/node_modules/.pnpm/@clerk+shared@3.47.3_
react-dom@19.0.0_react@19.0.0__react@19.0.0/node
_modules/@clerk/shared/loadScript/package.json
63 2026-04-06+04:49:06.7550953850 /root/lumina-c
lean-v6/node_modules/.pnpm/@clerk+shared@3.47.3_
react-dom@19.0.0_react@19.0.0__react@19.0.0/node
_modules/@clerk/shared/localStorageBroadcastChan
nel/package.json
41 2026-04-06+04:49:06.7710953850 /root/lumina-c
lean-v6/node_modules/.pnpm/@clerk+shared@3.47.3_
react-dom@19.0.0_react@19.0.0__react@19.0.0/node
_modules/@clerk/shared/logger/package.json
54 2026-04-06+04:49:06.7710953850 /root/lumina-c
lean-v6/node_modules/.pnpm/@clerk+shared@3.47.3_
react-dom@19.0.0_react@19.0.0__react@19.0.0/node
_modules/@clerk/shared/netlifyCacheHandler/packa
ge.json
40 2026-04-06+04:49:06.7830953850 /root/lumina-c
lean-v6/node_modules/.pnpm/@clerk+shared@3.47.3_
react-dom@19.0.0_react@19.0.0__react@19.0.0/node
_modules/@clerk/shared/oauth/package.json
41 2026-04-06+04:49:06.7910953850 /root/lumina-c
lean-v6/node_modules/.pnpm/@clerk+shared@3.47.3_
react-dom@19.0.0_react@19.0.0__react@19.0.0/node
_modules/@clerk/shared/object/package.json
47 2026-04-06+04:49:06.7990953850 /root/lumina-c
lean-v6/node_modules/.pnpm/@clerk+shared@3.47.3_
react-dom@19.0.0_react@19.0.0__react@19.0.0/node
_modules/@clerk/shared/organization/package.json
4753 2026-04-06+04:49:06.7990953850 /root/lumina
-clean-v6/node_modules/.pnpm/@clerk+shared@3.47.
3_react-dom@19.0.0_react@19.0.0__react@19.0.0/no
de_modules/@clerk/shared/package.json
46 2026-04-06+04:49:06.8030953850 /root/lumina-c
lean-v6/node_modules/.pnpm/@clerk+shared@3.47.3_
react-dom@19.0.0_react@19.0.0__react@19.0.0/node
_modules/@clerk/shared/pathMatcher/package.json
47 2026-04-06+04:49:06.8110953850 /root/lumina-c
lean-v6/node_modules/.pnpm/@clerk+shared@3.47.3_
react-dom@19.0.0_react@19.0.0__react@19.0.0/node
_modules/@clerk/shared/pathToRegexp/package.json
51 2026-04-06+04:49:06.8270953850 /root/lumina-c
lean-v6/node_modules/.pnpm/@clerk+shared@3.47.3_
react-dom@19.0.0_react@19.0.0__react@19.0.0/node
_modules/@clerk/shared/phoneCodeChannel/package.
json
41 2026-04-06+04:49:06.8350953850 /root/lumina-c
lean-v6/node_modules/.pnpm/@clerk+shared@3.47.3_
react-dom@19.0.0_react@19.0.0__react@19.0.0/node
_modules/@clerk/shared/poller/package.json
40 2026-04-06+04:49:06.8470953850 /root/lumina-c
lean-v6/node_modules/.pnpm/@clerk+shared@3.47.3_
react-dom@19.0.0_react@19.0.0__react@19.0.0/node
_modules/@clerk/shared/proxy/package.json
46 2026-04-06+04:49:06.8510953850 /root/lumina-c
lean-v6/node_modules/.pnpm/@clerk+shared@3.47.3_
react-dom@19.0.0_react@19.0.0__react@19.0.0/node
_modules/@clerk/shared/react/package.json
53 2026-04-06+04:49:13.6830953820 /root/lumina-c
lean-v6/node_modules/.pnpm/@clerk+shared@3.47.3_
react-dom@19.0.0_react@19.0.0__react@19.0.0/node
_modules/@clerk/shared/README.md
40 2026-04-06+04:49:06.8630953850 /root/lumina-c
lean-v6/node_modules/.pnpm/@clerk+shared@3.47.3_
react-dom@19.0.0_react@19.0.0__react@19.0.0/node
_modules/@clerk/shared/retry/package.json
41 2026-04-06+04:49:06.8710953850 /root/lumina-c
lean-v6/node_modules/.pnpm/@clerk+shared@3.47.3_
react-dom@19.0.0_react@19.0.0__react@19.0.0/node
_modules/@clerk/shared/router/package.json
39 2026-04-06+04:49:06.8750953850 /root/lumina-c
lean-v6/node_modules/.pnpm/@clerk+shared@3.47.3_
react-dom@19.0.0_react@19.0.0__react@19.0.0/node
_modules/@clerk/shared/saml/package.json
2213 2026-04-06+04:49:16.8710953810 /root/lumina
-clean-v6/node_modules/.pnpm/@clerk+shared@3.47.
3_react-dom@19.0.0_react@19.0.0__react@19.0.0/no
de_modules/@clerk/shared/scripts/postinstall.mjs
44 2026-04-06+04:49:06.8910953850 /root/lumina-c
lean-v6/node_modules/.pnpm/@clerk+shared@3.47.3_
react-dom@19.0.0_react@19.0.0__react@19.0.0/node
_modules/@clerk/shared/telemetry/package.json
46 2026-04-06+04:49:06.8990953850 /root/lumina-c
lean-v6/node_modules/.pnpm/@clerk+shared@3.47.3_
react-dom@19.0.0_react@19.0.0__react@19.0.0/node
_modules/@clerk/shared/types/package.json
45 2026-04-06+04:49:06.9070953850 /root/lumina-c
lean-v6/node_modules/.pnpm/@clerk+shared@3.47.3_
react-dom@19.0.0_react@19.0.0__react@19.0.0/node
_modules/@clerk/shared/underscore/package.json
38 2026-04-06+04:49:06.9230953850 /root/lumina-c
lean-v6/node_modules/.pnpm/@clerk+shared@3.47.3_
react-dom@19.0.0_react@19.0.0__react@19.0.0/node
_modules/@clerk/shared/url/package.json
46 2026-04-06+04:49:06.9310953850 /root/lumina-c
lean-v6/node_modules/.pnpm/@clerk+shared@3.47.3_
react-dom@19.0.0_react@19.0.0__react@19.0.0/node
_modules/@clerk/shared/utils/package.json
50 2026-04-06+04:49:06.9390953850 /root/lumina-c
lean-v6/node_modules/.pnpm/@clerk+shared@3.47.3_
react-dom@19.0.0_react@19.0.0__react@19.0.0/node
_modules/@clerk/shared/versionSelector/package.j
son
39 2026-04-06+04:49:06.9550953850 /root/lumina-c
lean-v6/node_modules/.pnpm/@clerk+shared@3.47.3_
react-dom@19.0.0_react@19.0.0__react@19.0.0/node
_modules/@clerk/shared/web3/package.json
43 2026-04-06+04:49:06.9670953850 /root/lumina-c
lean-v6/node_modules/.pnpm/@clerk+shared@3.47.3_
react-dom@19.0.0_react@19.0.0__react@19.0.0/node
_modules/@clerk/shared/webauthn/package.json
53 2026-04-06+04:49:06.9830953850 /root/lumina-c
lean-v6/node_modules/.pnpm/@clerk+shared@3.47.3_
react-dom@19.0.0_react@19.0.0__react@19.0.0/node
_modules/@clerk/shared/workerTimers/package.json
1314 2026-04-06+04:50:06.3670953620 /root/lumina
-clean-v6/node_modules/.pnpm/cross-env@7.0.3/nod
e_modules/cross-env/node_modules/.bin/cross-env
1326 2026-04-06+04:50:06.3670953620 /root/lumina
-clean-v6/node_modules/.pnpm/cross-env@7.0.3/nod
e_modules/cross-env/node_modules/.bin/cross-env-
shell
1140 2026-04-06+04:50:06.0830953620 /root/lumina
-clean-v6/node_modules/.pnpm/cross-spawn@7.0.6/n
ode_modules/cross-spawn/node_modules/.bin/node-w
hich
1062 2026-04-06+04:50:05.9950953620 /root/lumina
-clean-v6/node_modules/.pnpm/cssesc@3.0.0/node_m
odules/cssesc/node_modules/.bin/cssesc
1128 2026-04-06+04:50:06.3630953620 /root/lumina
-clean-v6/node_modules/.pnpm/detect-libc@1.0.3/n
ode_modules/detect-libc/node_modules/.bin/detect
-libc
1232 2026-04-06+04:50:06.3630953620 /root/lumina
-clean-v6/node_modules/.pnpm/dprint-node@1.0.8/n
ode_modules/dprint-node/node_modules/.bin/detect
-libc
908 2026-04-06+04:50:06.1190953620 /root/lumina-
clean-v6/node_modules/.pnpm/drizzle-kit@0.30.0/n
ode_modules/drizzle-kit/node_modules/.bin/drizzl
e-kit
1178 2026-04-06+04:50:06.0830953620 /root/lumina
-clean-v6/node_modules/.pnpm/drizzle-kit@0.30.0/
node_modules/drizzle-kit/node_modules/.bin/esbui
ld
9181 2026-04-06+04:48:40.0510953950 /root/lumina
-clean-v6/node_modules/.pnpm/esbuild@0.18.20/nod
e_modules/esbuild/bin/esbuild
10923 2026-04-06+04:48:40.1710953950 /root/lumin
a-clean-v6/node_modules/.pnpm/esbuild@0.18.20/no
de_modules/esbuild/install.js
21048 2026-04-06+04:48:40.6030953950 /root/lumin
a-clean-v6/node_modules/.pnpm/esbuild@0.18.20/no
de_modules/esbuild/lib/main.d.ts
87593 2026-04-06+04:48:40.2670953950 /root/lumin
a-clean-v6/node_modules/.pnpm/esbuild@0.18.20/no
de_modules/esbuild/lib/main.js
1069 2026-04-06+04:48:40.4030953950 /root/lumina
-clean-v6/node_modules/.pnpm/esbuild@0.18.20/nod
e_modules/esbuild/LICENSE.md
1086 2026-04-06+04:50:06.0790953620 /root/lumina
-clean-v6/node_modules/.pnpm/esbuild@0.18.20/nod
e_modules/esbuild/node_modules/.bin/esbuild
1283 2026-04-06+04:48:40.3230953950 /root/lumina
-clean-v6/node_modules/.pnpm/esbuild@0.18.20/nod
e_modules/esbuild/package.json
175 2026-04-06+04:48:40.5310953950 /root/lumina-
clean-v6/node_modules/.pnpm/esbuild@0.18.20/node
_modules/esbuild/README.md
9221 2026-04-06+04:48:39.5350953950 /root/lumina
-clean-v6/node_modules/.pnpm/esbuild@0.19.12/nod
e_modules/esbuild/bin/esbuild
10963 2026-04-06+04:48:39.5430953950 /root/lumin
a-clean-v6/node_modules/.pnpm/esbuild@0.19.12/no
de_modules/esbuild/install.js
21821 2026-04-06+04:48:39.6110953950 /root/lumin
a-clean-v6/node_modules/.pnpm/esbuild@0.19.12/no
de_modules/esbuild/lib/main.d.ts
88812 2026-04-06+04:48:39.5630953950 /root/lumin
a-clean-v6/node_modules/.pnpm/esbuild@0.19.12/no
de_modules/esbuild/lib/main.js
1069 2026-04-06+04:48:39.5950953950 /root/lumina
-clean-v6/node_modules/.pnpm/esbuild@0.19.12/nod
e_modules/esbuild/LICENSE.md
1086 2026-04-06+04:50:06.0790953620 /root/lumina
-clean-v6/node_modules/.pnpm/esbuild@0.19.12/nod
e_modules/esbuild/node_modules/.bin/esbuild
1320 2026-04-06+04:48:39.5910953950 /root/lumina
-clean-v6/node_modules/.pnpm/esbuild@0.19.12/nod
e_modules/esbuild/package.json
175 2026-04-06+04:48:39.5990953950 /root/lumina-
clean-v6/node_modules/.pnpm/esbuild@0.19.12/node
_modules/esbuild/README.md
1184 2026-04-06+04:50:06.0830953620 /root/lumina
-clean-v6/node_modules/.pnpm/@esbuild-kit+core-u
tils@3.3.2/node_modules/@esbuild-kit/core-utils/
node_modules/.bin/esbuild
1178 2026-04-06+04:50:06.0830953620 /root/lumina
-clean-v6/node_modules/.pnpm/esbuild-register@3.
6.0_esbuild@0.19.12/node_modules/esbuild-registe
r/node_modules/.bin/esbuild
1146 2026-04-06+04:50:06.0830953620 /root/lumina
-clean-v6/node_modules/.pnpm/eslint@9.16.0_jiti@
1.21.7/node_modules/eslint/node_modules/.bin/esl
int
1066 2026-04-06+05:00:38.0790951210 /root/lumina
-clean-v6/node_modules/.pnpm/eslint@9.16.0_jiti@
1.21.7/node_modules/eslint/node_modules/.bin/jit
i
1262 2026-04-06+04:50:06.0870953620 /root/lumina
-clean-v6/node_modules/.pnpm/@eslint-community+e
slint-utils@4.9.1_eslint@9.16.0_jiti@1.21.7_/nod
e_modules/@eslint-community/eslint-utils/node_mo
dules/.bin/eslint
1166 2026-04-06+05:00:38.0790951210 /root/lumina
-clean-v6/node_modules/.pnpm/eslint-config-next@
15.2.0_eslint@9.16.0_jiti@1.21.7__typescript@5.7
.2/node_modules/eslint-config-next/node_modules/
.bin/eslint
1124 2026-04-06+05:00:38.0830951210 /root/lumina
-clean-v6/node_modules/.pnpm/eslint-config-next@
15.2.0_eslint@9.16.0_jiti@1.21.7__typescript@5.7
.2/node_modules/eslint-config-next/node_modules/
.bin/tsc
1134 2026-04-06+05:00:38.0790951210 /root/lumina
-clean-v6/node_modules/.pnpm/eslint-config-next@
15.2.0_eslint@9.16.0_jiti@1.21.7__typescript@5.7
.2/node_modules/eslint-config-next/node_modules/
.bin/tsserver
1256 2026-04-07+14:51:28.2315874860 /root/lumina
-clean-v6/node_modules/.pnpm/eslint-config-next@
15.5.1_eslint@9.16.0_jiti@1.21.7__typescript@5.7
.2/node_modules/eslint-config-next/node_modules/
.bin/eslint
1196 2026-04-07+14:51:28.2315874860 /root/lumina
-clean-v6/node_modules/.pnpm/eslint-config-next@
15.5.1_eslint@9.16.0_jiti@1.21.7__typescript@5.7
.2/node_modules/eslint-config-next/node_modules/
.bin/tsc
1206 2026-04-07+14:51:28.2395874860 /root/lumina
-clean-v6/node_modules/.pnpm/eslint-config-next@
15.5.1_eslint@9.16.0_jiti@1.21.7__typescript@5.7
.2/node_modules/eslint-config-next/node_modules/
.bin/tsserver
1256 2026-04-07+13:55:50.4575574200 /root/lumina
-clean-v6/node_modules/.pnpm/eslint-config-next@
15.5.9_eslint@9.16.0_jiti@1.21.7__typescript@5.7
.2/node_modules/eslint-config-next/node_modules/
.bin/eslint
1196 2026-04-07+13:55:50.4575574200 /root/lumina
-clean-v6/node_modules/.pnpm/eslint-config-next@
15.5.9_eslint@9.16.0_jiti@1.21.7__typescript@5.7
.2/node_modules/eslint-config-next/node_modules/
.bin/tsc
1206 2026-04-07+13:55:50.4575574200 /root/lumina
-clean-v6/node_modules/.pnpm/eslint-config-next@
15.5.9_eslint@9.16.0_jiti@1.21.7__typescript@5.7
.2/node_modules/eslint-config-next/node_modules/
.bin/tsserver
1174 2026-04-06+04:50:06.0830953620 /root/lumina
-clean-v6/node_modules/.pnpm/@eslint+eslintrc@3.
3.5/node_modules/@eslint/eslintrc/node_modules/.
bin/js-yaml
1218 2026-04-06+04:50:06.1630953620 /root/lumina
-clean-v6/node_modules/.pnpm/eslint-import-resol
ver-node@0.3.10/node_modules/eslint-import-resol
ver-node/node_modules/.bin/resolve
1256 2026-04-07+13:55:50.4575574200 /root/lumina
-clean-v6/node_modules/.pnpm/eslint-import-resol
ver-typescript@3.10.1_eslint-plugin-import@2.32.
0_eslint@9.16.0_jiti@1.21.7_/node_modules/eslint
-import-resolver-typescript/node_modules/.bin/es
lint
1256 2026-04-06+10:00:53.6120410220 /root/lumina
-clean-v6/node_modules/.pnpm/eslint-import-resol
ver-typescript@3.10.1_eslint-plugin-import@2.32.
0_@typescript-eslint_5b098a54984967cba2e45cbca0b
c8962/node_modules/eslint-import-resolver-typesc
ript/node_modules/.bin/eslint
1256 2026-04-06+10:00:53.6120410220 /root/lumina
-clean-v6/node_modules/.pnpm/eslint-module-utils
@2.12.1_@typescript-eslint+parser@8.58.0_eslint@
9.16.0_jiti@1.21.7___aade755bc7a0ff772920985443e
2b61a/node_modules/eslint-module-utils/node_modu
les/.bin/eslint
1256 2026-04-07+13:55:50.4575574200 /root/lumina
-clean-v6/node_modules/.pnpm/eslint-module-utils
@2.12.1_@typescript-eslint+parser@8.58.0_eslint@
9.16.0_jiti@1.21.7___d264b75f4fa216a1973241694a8
6c139/node_modules/eslint-module-utils/node_modu
les/.bin/eslint
1256 2026-04-07+13:55:50.4575574200 /root/lumina
-clean-v6/node_modules/.pnpm/eslint-plugin-impor
t@2.32.0_@typescript-eslint+parser@8.58.0_eslint
@9.16.0_jiti@1.21.7__7c501760924da88a664a16cce7b
c2079/node_modules/eslint-plugin-import/node_mod
ules/.bin/eslint
1152 2026-04-07+13:55:50.4575574200 /root/lumina
-clean-v6/node_modules/.pnpm/eslint-plugin-impor
t@2.32.0_@typescript-eslint+parser@8.58.0_eslint
@9.16.0_jiti@1.21.7__7c501760924da88a664a16cce7b
c2079/node_modules/eslint-plugin-import/node_mod
ules/.bin/semver
1256 2026-04-06+10:00:53.6120410220 /root/lumina
-clean-v6/node_modules/.pnpm/eslint-plugin-impor
t@2.32.0_@typescript-eslint+parser@8.58.0_eslint
@9.16.0_jiti@1.21.7__c120cbb31043b45922b324d5641
47a31/node_modules/eslint-plugin-import/node_mod
ules/.bin/eslint
1152 2026-04-06+10:00:53.6120410220 /root/lumina
-clean-v6/node_modules/.pnpm/eslint-plugin-impor
t@2.32.0_@typescript-eslint+parser@8.58.0_eslint
@9.16.0_jiti@1.21.7__c120cbb31043b45922b324d5641
47a31/node_modules/eslint-plugin-import/node_mod
ules/.bin/semver
1256 2026-04-06+04:50:06.1590953620 /root/lumina
-clean-v6/node_modules/.pnpm/eslint-plugin-jsx-a
11y@6.10.2_eslint@9.16.0_jiti@1.21.7_/node_modul
es/eslint-plugin-jsx-a11y/node_modules/.bin/esli
nt
1256 2026-04-06+04:50:06.1630953620 /root/lumina
-clean-v6/node_modules/.pnpm/eslint-plugin-react
@7.37.5_eslint@9.16.0_jiti@1.21.7_/node_modules/
eslint-plugin-react/node_modules/.bin/eslint
1218 2026-04-06+04:50:06.1590953620 /root/lumina
-clean-v6/node_modules/.pnpm/eslint-plugin-react
@7.37.5_eslint@9.16.0_jiti@1.21.7_/node_modules/
eslint-plugin-react/node_modules/.bin/resolve
1152 2026-04-06+04:50:06.1590953620 /root/lumina
-clean-v6/node_modules/.pnpm/eslint-plugin-react
@7.37.5_eslint@9.16.0_jiti@1.21.7_/node_modules/
eslint-plugin-react/node_modules/.bin/semver
1256 2026-04-06+04:50:06.2550953620 /root/lumina
-clean-v6/node_modules/.pnpm/eslint-plugin-react
-hooks@5.2.0_eslint@9.16.0_jiti@1.21.7_/node_mod
ules/eslint-plugin-react-hooks/node_modules/.bin
/eslint
1138 2026-04-06+04:50:06.0830953620 /root/lumina
-clean-v6/node_modules/.pnpm/espree@10.4.0/node_
modules/espree/node_modules/.bin/acorn
860 2026-04-06+04:50:06.4390953620 /root/lumina-
clean-v6/node_modules/.pnpm/flat@5.0.2/node_modu
les/flat/node_modules/.bin/flat
1152 2026-04-06+04:50:06.1670953620 /root/lumina
-clean-v6/node_modules/.pnpm/is-bun-module@2.0.0
/node_modules/is-bun-module/node_modules/.bin/se
mver
1014 2026-04-06+04:50:06.2870953620 /root/lumina
-clean-v6/node_modules/.pnpm/@iwer+sem@0.2.5_iwe
r@2.1.1/node_modules/@iwer/sem/node_modules/.bin
/protoc-gen-ts_proto
1050 2026-04-06+04:50:05.9910953620 /root/lumina
-clean-v6/node_modules/.pnpm/jiti@1.21.7/node_mo
dules/jiti/node_modules/.bin/jiti
1052 2026-04-06+04:50:06.1630953620 /root/lumina
-clean-v6/node_modules/.pnpm/json5@1.0.2/node_mo
dules/json5/node_modules/.bin/json5
1080 2026-04-06+04:50:06.0870953620 /root/lumina
-clean-v6/node_modules/.pnpm/js-yaml@4.1.1/node_
modules/js-yaml/node_modules/.bin/js-yaml
1168 2026-04-07+13:59:21.4183006630 /root/lumina
-clean-v6/node_modules/.pnpm/langchain@0.3.0_@la
ngchain+community@0.3.0_@langchain+core@0.3.0_op
enai@4.104.0_ws@8.20_36bbfe16adf8b0adab6a387bb6c
cb65a/node_modules/langchain/node_modules/.bin/j
s-yaml
1320 2026-04-07+13:59:21.4183006630 /root/lumina
-clean-v6/node_modules/.pnpm/langchain@0.3.0_@la
ngchain+community@0.3.0_@langchain+core@0.3.0_op
enai@4.104.0_ws@8.20_36bbfe16adf8b0adab6a387bb6c
cb65a/node_modules/langchain/node_modules/.bin/u
uid
938 2026-04-07+13:59:21.4183006630 /root/lumina-
clean-v6/node_modules/.pnpm/langchain@0.3.0_@lan
gchain+community@0.3.0_@langchain+core@0.3.0_ope
nai@4.104.0_ws@8.20_36bbfe16adf8b0adab6a387bb6cc
b65a/node_modules/langchain/node_modules/.bin/ya
ml
1102 2026-04-06+05:00:37.9030951210 /root/lumina
-clean-v6/node_modules/.pnpm/langchain@0.3.0_@la
ngchain+community@0.3.0_@langchain+core@0.3.0_op
enai@4.104.0_ws@8.20_c6a4d7ca63a60ef4569e33637cd
302c0/node_modules/langchain/node_modules/.bin/j
s-yaml
1258 2026-04-06+05:00:37.8990951210 /root/lumina
-clean-v6/node_modules/.pnpm/langchain@0.3.0_@la
ngchain+community@0.3.0_@langchain+core@0.3.0_op
enai@4.104.0_ws@8.20_c6a4d7ca63a60ef4569e33637cd
302c0/node_modules/langchain/node_modules/.bin/u
uid
878 2026-04-06+05:00:37.9070951210 /root/lumina-
clean-v6/node_modules/.pnpm/langchain@0.3.0_@lan
gchain+community@0.3.0_@langchain+core@0.3.0_ope
nai@4.104.0_ws@8.20_c6a4d7ca63a60ef4569e33637cd3
02c0/node_modules/langchain/node_modules/.bin/ya
ml
942 2026-04-07+13:59:21.4183006630 /root/lumina-
clean-v6/node_modules/.pnpm/@langchain+community
@0.3.0_@langchain+core@0.3.0_openai@4.104.0_ws@8
.20.0_zod@3.24.0____c0c8a17606a206d2ecdd02a47ab7
2c49/node_modules/@langchain/community/node_modu
les/.bin/flat
1174 2026-04-07+13:59:21.4183006630 /root/lumina
-clean-v6/node_modules/.pnpm/@langchain+communit
y@0.3.0_@langchain+core@0.3.0_openai@4.104.0_ws@
8.20.0_zod@3.24.0____c0c8a17606a206d2ecdd02a47ab
72c49/node_modules/@langchain/community/node_mod
ules/.bin/js-yaml
1326 2026-04-07+13:59:21.4183006630 /root/lumina
-clean-v6/node_modules/.pnpm/@langchain+communit
y@0.3.0_@langchain+core@0.3.0_openai@4.104.0_ws@
8.20.0_zod@3.24.0____c0c8a17606a206d2ecdd02a47ab
72c49/node_modules/@langchain/community/node_mod
ules/.bin/uuid
882 2026-04-06+05:00:37.9070951210 /root/lumina-
clean-v6/node_modules/.pnpm/@langchain+community
@0.3.0_@langchain+core@0.3.0_openai@4.104.0_ws@8
.20.0_zod@3.24.0____e8c75caada84f8631350c748311a
f993/node_modules/@langchain/community/node_modu
les/.bin/flat
1108 2026-04-06+05:00:37.9030951210 /root/lumina
-clean-v6/node_modules/.pnpm/@langchain+communit
y@0.3.0_@langchain+core@0.3.0_openai@4.104.0_ws@
8.20.0_zod@3.24.0____e8c75caada84f8631350c748311
af993/node_modules/@langchain/community/node_mod
ules/.bin/js-yaml
1264 2026-04-06+05:00:37.9110951210 /root/lumina
-clean-v6/node_modules/.pnpm/@langchain+communit
y@0.3.0_@langchain+core@0.3.0_openai@4.104.0_ws@
8.20.0_zod@3.24.0____e8c75caada84f8631350c748311
af993/node_modules/@langchain/community/node_mod
ules/.bin/uuid
1184 2026-04-06+04:50:06.4390953620 /root/lumina
-clean-v6/node_modules/.pnpm/@langchain+core@0.3
.0_openai@4.104.0_ws@8.20.0_zod@3.24.0_/node_mod
ules/@langchain/core/node_modules/.bin/mustache
1326 2026-04-06+04:50:06.4350953620 /root/lumina
-clean-v6/node_modules/.pnpm/@langchain+core@0.3
.0_openai@4.104.0_ws@8.20.0_zod@3.24.0_/node_mod
ules/@langchain/core/node_modules/.bin/uuid
1330 2026-04-06+04:50:06.3990953620 /root/lumina
-clean-v6/node_modules/.pnpm/@langchain+openai@0
.3.0_@langchain+core@0.3.0_openai@4.104.0_ws@8.2
0.0_zod@3.24.0___ws@8.20.0/node_modules/@langcha
in/openai/node_modules/.bin/openai
1214 2026-04-06+05:00:37.8990951210 /root/lumina
-clean-v6/node_modules/.pnpm/langsmith@0.1.68_op
enai@4.104.0_ws@8.20.0_zod@3.24.0_/node_modules/
langsmith/node_modules/.bin/openai
1088 2026-04-06+05:00:37.9030951210 /root/lumina
-clean-v6/node_modules/.pnpm/langsmith@0.1.68_op
enai@4.104.0_ws@8.20.0_zod@3.24.0_/node_modules/
langsmith/node_modules/.bin/semver
1258 2026-04-06+05:00:37.8990951210 /root/lumina
-clean-v6/node_modules/.pnpm/langsmith@0.1.68_op
enai@4.104.0_ws@8.20.0_zod@3.24.0_/node_modules/
langsmith/node_modules/.bin/uuid
252721 2026-04-07+14:51:28.5515874860 /root/lumi
na-clean-v6/node_modules/.pnpm/lock.yaml
908 2026-04-06+04:50:06.1630953620 /root/lumina-
clean-v6/node_modules/.pnpm/loose-envify@1.4.0/n
ode_modules/loose-envify/node_modules/.bin/loose
-envify
1086 2026-04-06+04:50:06.4390953620 /root/lumina
-clean-v6/node_modules/.pnpm/mustache@4.2.0/node
_modules/mustache/node_modules/.bin/mustache
1076 2026-04-06+04:50:05.9950953620 /root/lumina
-clean-v6/node_modules/.pnpm/nanoid@3.3.11/node_
modules/nanoid/node_modules/.bin/nanoid
1068 2026-04-06+04:50:06.4390953620 /root/lumina
-clean-v6/node_modules/.pnpm/nanoid@5.1.7/node_m
odules/nanoid/node_modules/.bin/nanoid
1162 2026-04-06+04:50:06.2550953620 /root/lumina
-clean-v6/node_modules/.pnpm/napi-postinstall@0.
3.4/node_modules/napi-postinstall/node_modules/.
bin/napi-postinstall
1594 2026-04-06+04:50:06.2630953620 /root/lumina
-clean-v6/node_modules/.pnpm/next@15.2.0_react-d
om@19.0.0_react@19.0.0__react@19.0.0/node_module
s/next/node_modules/.bin/next
1594 2026-04-06+04:57:33.2590951920 /root/lumina
-clean-v6/node_modules/.pnpm/next@15.5.0_react-d
om@19.0.0_react@19.0.0__react@19.0.0/node_module
s/next/node_modules/.bin/next
1594 2026-04-07+14:51:28.2395874860 /root/lumina
-clean-v6/node_modules/.pnpm/next@15.5.1_react-d
om@19.0.0_react@19.0.0__react@19.0.0/node_module
s/next/node_modules/.bin/next
1594 2026-04-07+13:55:50.4575574200 /root/lumina
-clean-v6/node_modules/.pnpm/next@15.5.9_react-d
om@19.0.0_react@19.0.0__react@19.0.0/node_module
s/next/node_modules/.bin/next
1152 2026-04-06+04:50:06.1630953620 /root/lumina
-clean-v6/node_modules/.pnpm/node-exports-info@1
.6.0/node_modules/node-exports-info/node_modules
/.bin/semver
1062 2026-04-07+14:51:28.0835874860 /root/lumina
-clean-v6/node_modules/.pnpm/node_modules/.bin/a
corn
1304 2026-04-07+14:51:28.0835874860 /root/lumina
-clean-v6/node_modules/.pnpm/node_modules/.bin/b
aseline-browser-mapping
932 2026-04-07+14:51:28.0715874860 /root/lumina-
clean-v6/node_modules/.pnpm/node_modules/.bin/br
owserslist
1328 2026-04-07+14:51:28.0715874860 /root/lumina
-clean-v6/node_modules/.pnpm/node_modules/.bin/c
ross-env
1340 2026-04-07+14:51:28.0755874860 /root/lumina
-clean-v6/node_modules/.pnpm/node_modules/.bin/c
ross-env-shell
1070 2026-04-07+14:51:28.0835874860 /root/lumina
-clean-v6/node_modules/.pnpm/node_modules/.bin/c
ssesc
1096 2026-04-07+14:51:28.0755874860 /root/lumina
-clean-v6/node_modules/.pnpm/node_modules/.bin/e
sbuild
864 2026-04-07+14:51:28.0755874860 /root/lumina-
clean-v6/node_modules/.pnpm/node_modules/.bin/fl
at
1054 2026-04-07+14:51:28.0755874860 /root/lumina
-clean-v6/node_modules/.pnpm/node_modules/.bin/j
iti
1058 2026-04-07+14:51:28.0795874860 /root/lumina
-clean-v6/node_modules/.pnpm/node_modules/.bin/j
son5
1090 2026-04-07+14:51:28.0715874860 /root/lumina
-clean-v6/node_modules/.pnpm/node_modules/.bin/j
s-yaml
928 2026-04-07+14:51:28.0835874860 /root/lumina-
clean-v6/node_modules/.pnpm/node_modules/.bin/lo
ose-envify
1098 2026-04-07+14:51:28.0715874860 /root/lumina
-clean-v6/node_modules/.pnpm/node_modules/.bin/m
ustache
1190 2026-04-07+14:51:28.0835874860 /root/lumina
-clean-v6/node_modules/.pnpm/node_modules/.bin/n
api-postinstall
1066 2026-04-07+14:51:28.0755874860 /root/lumina
-clean-v6/node_modules/.pnpm/node_modules/.bin/n
ode-which
1202 2026-04-07+14:51:28.0715874860 /root/lumina
-clean-v6/node_modules/.pnpm/node_modules/.bin/o
penai
926 2026-04-07+14:51:28.0795874860 /root/lumina-
clean-v6/node_modules/.pnpm/node_modules/.bin/pr
otoc-gen-ts_proto
1096 2026-04-07+14:51:28.0755874860 /root/lumina
-clean-v6/node_modules/.pnpm/node_modules/.bin/r
esolve
1076 2026-04-07+14:51:28.0835874860 /root/lumina
-clean-v6/node_modules/.pnpm/node_modules/.bin/s
emver
1090 2026-04-07+14:51:28.0755874860 /root/lumina
-clean-v6/node_modules/.pnpm/node_modules/.bin/s
ucrase
1100 2026-04-07+14:51:28.0755874860 /root/lumina
-clean-v6/node_modules/.pnpm/node_modules/.bin/s
ucrase-node
1088 2026-04-07+14:51:28.0755874860 /root/lumina
-clean-v6/node_modules/.pnpm/node_modules/.bin/u
pdate-browserslist-db
1246 2026-04-07+14:51:28.0715874860 /root/lumina
-clean-v6/node_modules/.pnpm/node_modules/.bin/u
uid
866 2026-04-07+14:51:28.0755874860 /root/lumina-
clean-v6/node_modules/.pnpm/node_modules/.bin/ya
ml
1194 2026-04-06+04:50:06.3750953620 /root/lumina
-clean-v6/node_modules/.pnpm/openai@4.104.0_ws@8
.20.0_zod@3.24.0/node_modules/openai/node_module
s/.bin/openai
1162 2026-04-06+04:50:05.9950953620 /root/lumina
-clean-v6/node_modules/.pnpm/postcss@8.4.0/node_
modules/postcss/node_modules/.bin/nanoid
1162 2026-04-06+04:50:06.2670953620 /root/lumina
-clean-v6/node_modules/.pnpm/postcss@8.4.31/node
_modules/postcss/node_modules/.bin/nanoid
1162 2026-04-06+04:50:06.3670953620 /root/lumina
-clean-v6/node_modules/.pnpm/postcss@8.4.49/node
_modules/postcss/node_modules/.bin/nanoid
1162 2026-04-06+04:50:05.9950953620 /root/lumina
-clean-v6/node_modules/.pnpm/postcss@8.5.8/node_
modules/postcss/node_modules/.bin/nanoid
1178 2026-04-06+04:50:05.9910953620 /root/lumina
-clean-v6/node_modules/.pnpm/postcss-import@15.1
.0_postcss@8.5.8/node_modules/postcss-import/nod
e_modules/.bin/resolve
878 2026-04-06+05:00:38.0590951210 /root/lumina-
clean-v6/node_modules/.pnpm/postcss-load-config@
4.0.2_postcss@8.5.8/node_modules/postcss-load-co
nfig/node_modules/.bin/yaml
1146 2026-04-06+04:50:06.2590953620 /root/lumina
-clean-v6/node_modules/.pnpm/postcss-selector-pa
rser@6.0.10/node_modules/postcss-selector-parser
/node_modules/.bin/cssesc
1146 2026-04-06+04:50:05.9950953620 /root/lumina
-clean-v6/node_modules/.pnpm/postcss-selector-pa
rser@6.1.2/node_modules/postcss-selector-parser/
node_modules/.bin/cssesc
1016 2026-04-06+04:50:06.1630953620 /root/lumina
-clean-v6/node_modules/.pnpm/prop-types@15.8.1/n
ode_modules/prop-types/node_modules/.bin/loose-e
nvify
1346 2026-04-06+05:00:38.0430951210 /root/lumina
-clean-v6/node_modules/.pnpm/@react-three+drei@9
.120.0_@react-three+fiber@9.0.0_@types+react@19.
0.0_react-dom@19.0.0_66113cd91224c176b24e19afdc3
c7898/node_modules/@react-three/drei/node_module
s/.bin/cross-env
1358 2026-04-06+05:00:38.0470951210 /root/lumina
-clean-v6/node_modules/.pnpm/@react-three+drei@9
.120.0_@react-three+fiber@9.0.0_@types+react@19.
0.0_react-dom@19.0.0_66113cd91224c176b24e19afdc3
c7898/node_modules/@react-three/drei/node_module
s/.bin/cross-env-shell
1256 2026-04-06+05:00:38.0430951210 /root/lumina
-clean-v6/node_modules/.pnpm/@react-three+drei@9
.120.0_@react-three+fiber@9.0.0_@types+react@19.
0.0_react-dom@19.0.0_66113cd91224c176b24e19afdc3
c7898/node_modules/@react-three/drei/node_module
s/.bin/uuid
1086 2026-04-06+04:50:05.9910953620 /root/lumina
-clean-v6/node_modules/.pnpm/resolve@1.22.11/nod
e_modules/resolve/node_modules/.bin/resolve
1116 2026-04-06+04:50:06.1590953620 /root/lumina
-clean-v6/node_modules/.pnpm/resolve@2.0.0-next.
6/node_modules/resolve/node_modules/.bin/resolve
1068 2026-04-06+04:50:06.1630953620 /root/lumina
-clean-v6/node_modules/.pnpm/semver@6.3.1/node_m
odules/semver/node_modules/.bin/semver
1068 2026-04-06+04:50:06.1830953620 /root/lumina
-clean-v6/node_modules/.pnpm/semver@7.7.4/node_m
odules/semver/node_modules/.bin/semver
1271 2026-04-06+04:48:48.3510953920 /root/lumina
-clean-v6/node_modules/.pnpm/sharp@0.33.5/node_m
odules/sharp/install/check.js
5296 2026-04-06+04:48:48.3310953920 /root/lumina
-clean-v6/node_modules/.pnpm/sharp@0.33.5/node_m
odules/sharp/lib/channel.js
5114 2026-04-06+04:48:48.3710953920 /root/lumina
-clean-v6/node_modules/.pnpm/sharp@0.33.5/node_m
odules/sharp/lib/colour.js
8853 2026-04-06+04:48:48.3910953920 /root/lumina
-clean-v6/node_modules/.pnpm/sharp@0.33.5/node_m
odules/sharp/lib/composite.js
16509 2026-04-06+04:48:48.4150953920 /root/lumin
a-clean-v6/node_modules/.pnpm/sharp@0.33.5/node_
modules/sharp/lib/constructor.js
82672 2026-04-06+04:48:48.6510953920 /root/lumin
a-clean-v6/node_modules/.pnpm/sharp@0.33.5/node_
modules/sharp/lib/index.d.ts
395 2026-04-06+04:48:48.4310953920 /root/lumina-
clean-v6/node_modules/.pnpm/sharp@0.33.5/node_mo
dules/sharp/lib/index.js
25860 2026-04-06+04:48:48.4430953920 /root/lumin
a-clean-v6/node_modules/.pnpm/sharp@0.33.5/node_
modules/sharp/lib/input.js
3212 2026-04-06+04:48:48.4510953920 /root/lumina
-clean-v6/node_modules/.pnpm/sharp@0.33.5/node_m
odules/sharp/lib/is.js
5907 2026-04-06+04:48:48.4830953920 /root/lumina
-clean-v6/node_modules/.pnpm/sharp@0.33.5/node_m
odules/sharp/lib/libvips.js
32026 2026-04-06+04:48:48.5070953920 /root/lumin
a-clean-v6/node_modules/.pnpm/sharp@0.33.5/node_
modules/sharp/lib/operation.js
58634 2026-04-06+04:48:48.5230953920 /root/lumin
a-clean-v6/node_modules/.pnpm/sharp@0.33.5/node_
modules/sharp/lib/output.js
20842 2026-04-06+04:48:48.5710953920 /root/lumin
a-clean-v6/node_modules/.pnpm/sharp@0.33.5/node_
modules/sharp/lib/resize.js
3840 2026-04-06+04:48:48.5870953920 /root/lumina
-clean-v6/node_modules/.pnpm/sharp@0.33.5/node_m
odules/sharp/lib/sharp.js
9726 2026-04-06+04:48:48.6110953920 /root/lumina
-clean-v6/node_modules/.pnpm/sharp@0.33.5/node_m
odules/sharp/lib/utility.js
10273 2026-04-06+04:48:47.8630953920 /root/lumin
a-clean-v6/node_modules/.pnpm/sharp@0.33.5/node_
modules/sharp/LICENSE
1152 2026-04-06+04:50:06.2670953620 /root/lumina
-clean-v6/node_modules/.pnpm/sharp@0.33.5/node_m
odules/sharp/node_modules/.bin/semver
7607 2026-04-06+04:48:48.6230953920 /root/lumina
-clean-v6/node_modules/.pnpm/sharp@0.33.5/node_m
odules/sharp/package.json
3185 2026-04-06+04:48:48.6350953920 /root/lumina
-clean-v6/node_modules/.pnpm/sharp@0.33.5/node_m
odules/sharp/README.md
9864 2026-04-06+04:48:48.1470953920 /root/lumina
-clean-v6/node_modules/.pnpm/sharp@0.33.5/node_m
odules/sharp/src/binding.gyp
37709 2026-04-06+04:48:47.8790953920 /root/lumin
a-clean-v6/node_modules/.pnpm/sharp@0.33.5/node_
modules/sharp/src/common.cc
10661 2026-04-06+04:48:48.1670953920 /root/lumin
a-clean-v6/node_modules/.pnpm/sharp@0.33.5/node_
modules/sharp/src/common.h
12214 2026-04-06+04:48:47.9030953920 /root/lumin
a-clean-v6/node_modules/.pnpm/sharp@0.33.5/node_
modules/sharp/src/metadata.cc
1709 2026-04-06+04:48:48.1870953920 /root/lumina
-clean-v6/node_modules/.pnpm/sharp@0.33.5/node_m
odules/sharp/src/metadata.h
16014 2026-04-06+04:48:47.9510953920 /root/lumin
a-clean-v6/node_modules/.pnpm/sharp@0.33.5/node_
modules/sharp/src/operations.cc
3417 2026-04-06+04:48:48.2110953920 /root/lumina
-clean-v6/node_modules/.pnpm/sharp@0.33.5/node_m
odules/sharp/src/operations.h
81585 2026-04-06+04:48:47.9670953920 /root/lumin
a-clean-v6/node_modules/.pnpm/sharp@0.33.5/node_
modules/sharp/src/pipeline.cc
9513 2026-04-06+04:48:48.2310953920 /root/lumina
-clean-v6/node_modules/.pnpm/sharp@0.33.5/node_m
odules/sharp/src/pipeline.h
1465 2026-04-06+04:48:47.9910953920 /root/lumina
-clean-v6/node_modules/.pnpm/sharp@0.33.5/node_m
odules/sharp/src/sharp.cc
6656 2026-04-06+04:48:48.0870953920 /root/lumina
-clean-v6/node_modules/.pnpm/sharp@0.33.5/node_m
odules/sharp/src/stats.cc
1205 2026-04-06+04:48:48.2470953920 /root/lumina
-clean-v6/node_modules/.pnpm/sharp@0.33.5/node_m
odules/sharp/src/stats.h
8918 2026-04-06+04:48:48.1150953920 /root/lumina
-clean-v6/node_modules/.pnpm/sharp@0.33.5/node_m
odules/sharp/src/utilities.cc
677 2026-04-06+04:48:48.3030953920 /root/lumina-
clean-v6/node_modules/.pnpm/sharp@0.33.5/node_mo
dules/sharp/src/utilities.h
882 2026-04-06+04:57:04.9350952030 /root/lumina-
clean-v6/node_modules/.pnpm/sharp@0.34.5/node_mo
dules/sharp/install/build.js
383 2026-04-06+04:57:04.9710952030 /root/lumina-
clean-v6/node_modules/.pnpm/sharp@0.34.5/node_mo
dules/sharp/install/check.js
5379 2026-04-06+04:57:04.9510952030 /root/lumina
-clean-v6/node_modules/.pnpm/sharp@0.34.5/node_m
odules/sharp/lib/channel.js
5310 2026-04-06+04:57:04.9830952030 /root/lumina
-clean-v6/node_modules/.pnpm/sharp@0.34.5/node_m
odules/sharp/lib/colour.js
8960 2026-04-06+04:57:05.0030952030 /root/lumina
-clean-v6/node_modules/.pnpm/sharp@0.34.5/node_m
odules/sharp/lib/composite.js
19959 2026-04-06+04:57:05.0190952030 /root/lumin
a-clean-v6/node_modules/.pnpm/sharp@0.34.5/node_
modules/sharp/lib/constructor.js
91039 2026-04-06+04:57:05.1870952020 /root/lumin
a-clean-v6/node_modules/.pnpm/sharp@0.34.5/node_
modules/sharp/lib/index.d.ts
385 2026-04-06+04:57:05.0310952030 /root/lumina-
clean-v6/node_modules/.pnpm/sharp@0.34.5/node_mo
dules/sharp/lib/index.js
32973 2026-04-06+04:57:05.0470952020 /root/lumin
a-clean-v6/node_modules/.pnpm/sharp@0.34.5/node_
modules/sharp/lib/input.js
2930 2026-04-06+04:57:05.0670952020 /root/lumina
-clean-v6/node_modules/.pnpm/sharp@0.34.5/node_m
odules/sharp/lib/is.js
5947 2026-04-06+04:57:05.0790952020 /root/lumina
-clean-v6/node_modules/.pnpm/sharp@0.34.5/node_m
odules/sharp/lib/libvips.js
33282 2026-04-06+04:57:05.0910952020 /root/lumin
a-clean-v6/node_modules/.pnpm/sharp@0.34.5/node_
modules/sharp/lib/operation.js
61198 2026-04-06+04:57:05.1070952020 /root/lumin
a-clean-v6/node_modules/.pnpm/sharp@0.34.5/node_
modules/sharp/lib/output.js
21080 2026-04-06+04:57:05.1190952020 /root/lumin
a-clean-v6/node_modules/.pnpm/sharp@0.34.5/node_
modules/sharp/lib/resize.js
4044 2026-04-06+04:57:05.1350952020 /root/lumina
-clean-v6/node_modules/.pnpm/sharp@0.34.5/node_m
odules/sharp/lib/sharp.js
9437 2026-04-06+04:57:05.1470952020 /root/lumina
-clean-v6/node_modules/.pnpm/sharp@0.34.5/node_m
odules/sharp/lib/utility.js
10273 2026-04-06+04:57:04.8230952030 /root/lumin
a-clean-v6/node_modules/.pnpm/sharp@0.34.5/node_
modules/sharp/LICENSE
1088 2026-04-06+05:00:37.9110951210 /root/lumina
-clean-v6/node_modules/.pnpm/sharp@0.34.5/node_m
odules/sharp/node_modules/.bin/semver
7478 2026-04-06+04:57:05.1630952020 /root/lumina
-clean-v6/node_modules/.pnpm/sharp@0.34.5/node_m
odules/sharp/package.json
3160 2026-04-06+04:57:05.1870952020 /root/lumina
-clean-v6/node_modules/.pnpm/sharp@0.34.5/node_m
odules/sharp/README.md
10597 2026-04-06+04:57:04.8670952030 /root/lumin
a-clean-v6/node_modules/.pnpm/sharp@0.34.5/node_
modules/sharp/src/binding.gyp
39181 2026-04-06+04:57:04.8350952030 /root/lumin
a-clean-v6/node_modules/.pnpm/sharp@0.34.5/node_
modules/sharp/src/common.cc
10639 2026-04-06+04:57:04.8750952030 /root/lumin
a-clean-v6/node_modules/.pnpm/sharp@0.34.5/node_
modules/sharp/src/common.h
13221 2026-04-06+04:57:04.8430952030 /root/lumin
a-clean-v6/node_modules/.pnpm/sharp@0.34.5/node_
modules/sharp/src/metadata.cc
1768 2026-04-06+04:57:04.8830952030 /root/lumina
-clean-v6/node_modules/.pnpm/sharp@0.34.5/node_m
odules/sharp/src/metadata.h
16584 2026-04-06+04:57:04.8470952030 /root/lumin
a-clean-v6/node_modules/.pnpm/sharp@0.34.5/node_
modules/sharp/src/operations.cc
3607 2026-04-06+04:57:04.8830952030 /root/lumina
-clean-v6/node_modules/.pnpm/sharp@0.34.5/node_m
odules/sharp/src/operations.h
84430 2026-04-06+04:57:04.8550952030 /root/lumin
a-clean-v6/node_modules/.pnpm/sharp@0.34.5/node_
modules/sharp/src/pipeline.cc
9828 2026-04-06+04:57:04.8870952030 /root/lumina
-clean-v6/node_modules/.pnpm/sharp@0.34.5/node_m
odules/sharp/src/pipeline.h
1529 2026-04-06+04:57:04.8590952030 /root/lumina
-clean-v6/node_modules/.pnpm/sharp@0.34.5/node_m
odules/sharp/src/sharp.cc
6683 2026-04-06+04:57:04.8590952030 /root/lumina
-clean-v6/node_modules/.pnpm/sharp@0.34.5/node_m
odules/sharp/src/stats.cc
1267 2026-04-06+04:57:04.8990952030 /root/lumina
-clean-v6/node_modules/.pnpm/sharp@0.34.5/node_m
odules/sharp/src/stats.h
9454 2026-04-06+04:57:04.8630952030 /root/lumina
-clean-v6/node_modules/.pnpm/sharp@0.34.5/node_m
odules/sharp/src/utilities.cc
741 2026-04-06+04:57:04.9150952030 /root/lumina-
clean-v6/node_modules/.pnpm/sharp@0.34.5/node_mo
dules/sharp/src/utilities.h
1080 2026-04-06+04:50:05.9950953620 /root/lumina
-clean-v6/node_modules/.pnpm/sucrase@3.35.1/node
_modules/sucrase/node_modules/.bin/sucrase
1090 2026-04-06+04:50:05.9910953620 /root/lumina
-clean-v6/node_modules/.pnpm/sucrase@3.35.1/node
_modules/sucrase/node_modules/.bin/sucrase-node
1128 2026-04-06+04:50:05.9910953620 /root/lumina
-clean-v6/node_modules/.pnpm/tailwindcss@3.4.0/n
ode_modules/tailwindcss/node_modules/.bin/jiti
1178 2026-04-06+04:50:05.9910953620 /root/lumina
-clean-v6/node_modules/.pnpm/tailwindcss@3.4.0/n
ode_modules/tailwindcss/node_modules/.bin/resolv
e
1170 2026-04-06+04:50:05.9910953620 /root/lumina
-clean-v6/node_modules/.pnpm/tailwindcss@3.4.0/n
ode_modules/tailwindcss/node_modules/.bin/sucras
e
1180 2026-04-06+04:50:05.9910953620 /root/lumina
-clean-v6/node_modules/.pnpm/tailwindcss@3.4.0/n
ode_modules/tailwindcss/node_modules/.bin/sucras
e-node
1112 2026-04-06+04:50:05.9950953620 /root/lumina
-clean-v6/node_modules/.pnpm/tailwindcss@3.4.0/n
ode_modules/tailwindcss/node_modules/.bin/tailwi
nd
1112 2026-04-06+04:50:05.9950953620 /root/lumina
-clean-v6/node_modules/.pnpm/tailwindcss@3.4.0/n
ode_modules/tailwindcss/node_modules/.bin/tailwi
ndcss
1216 2026-04-06+04:50:06.4390953620 /root/lumina
-clean-v6/node_modules/.pnpm/tailwindcss-animate
@1.0.7_tailwindcss@3.4.0/node_modules/tailwindcs
s-animate/node_modules/.bin/tailwind
1216 2026-04-06+04:50:06.4390953620 /root/lumina
-clean-v6/node_modules/.pnpm/tailwindcss-animate
@1.0.7_tailwindcss@3.4.0/node_modules/tailwindcs
s-animate/node_modules/.bin/tailwindcss
1222 2026-04-06+04:50:06.2590953620 /root/lumina
-clean-v6/node_modules/.pnpm/@tailwindcss+typogr
aphy@0.5.15_tailwindcss@3.4.0/node_modules/@tail
windcss/typography/node_modules/.bin/tailwind
1222 2026-04-06+04:50:06.2590953620 /root/lumina
-clean-v6/node_modules/.pnpm/@tailwindcss+typogr
aphy@0.5.15_tailwindcss@3.4.0/node_modules/@tail
windcss/typography/node_modules/.bin/tailwindcss
1202 2026-04-06+04:50:06.3670953620 /root/lumina
-clean-v6/node_modules/.pnpm/@trpc+client@11.0.0
_@trpc+server@11.0.0_typescript@5.7.2__typescrip
t@5.7.2/node_modules/@trpc/client/node_modules/.
bin/tsc
1212 2026-04-06+04:50:06.3670953620 /root/lumina
-clean-v6/node_modules/.pnpm/@trpc+client@11.0.0
_@trpc+server@11.0.0_typescript@5.7.2__typescrip
t@5.7.2/node_modules/@trpc/client/node_modules/.
bin/tsserver
1202 2026-04-06+04:50:06.3670953620 /root/lumina
-clean-v6/node_modules/.pnpm/@trpc+react-query@1
1.0.0_@tanstack+react-query@5.62.0_react@19.0.0_
_@trpc+client@11.0.0_0a268da178c5cd9e22eeb3f2711
9e555/node_modules/@trpc/react-query/node_module
s/.bin/tsc
1212 2026-04-06+04:50:06.3670953620 /root/lumina
-clean-v6/node_modules/.pnpm/@trpc+react-query@1
1.0.0_@tanstack+react-query@5.62.0_react@19.0.0_
_@trpc+client@11.0.0_0a268da178c5cd9e22eeb3f2711
9e555/node_modules/@trpc/react-query/node_module
s/.bin/tsserver
1202 2026-04-06+04:50:06.3670953620 /root/lumina
-clean-v6/node_modules/.pnpm/@trpc+server@11.0.0
_typescript@5.7.2/node_modules/@trpc/server/node
_modules/.bin/tsc
1212 2026-04-06+04:50:06.3670953620 /root/lumina
-clean-v6/node_modules/.pnpm/@trpc+server@11.0.0
_typescript@5.7.2/node_modules/@trpc/server/node
_modules/.bin/tsserver
1196 2026-04-06+04:50:06.2590953620 /root/lumina
-clean-v6/node_modules/.pnpm/ts-api-utils@2.5.0_
typescript@5.7.2/node_modules/ts-api-utils/node_
modules/.bin/tsc
1206 2026-04-06+04:50:06.2590953620 /root/lumina
-clean-v6/node_modules/.pnpm/ts-api-utils@2.5.0_
typescript@5.7.2/node_modules/ts-api-utils/node_
modules/.bin/tsserver
1132 2026-04-06+04:50:06.1630953620 /root/lumina
-clean-v6/node_modules/.pnpm/tsconfig-paths@3.15
.0/node_modules/tsconfig-paths/node_modules/.bin
/json5
914 2026-04-06+04:50:06.3590953620 /root/lumina-
clean-v6/node_modules/.pnpm/ts-proto@2.11.6/node
_modules/ts-proto/node_modules/.bin/protoc-gen-t
s_proto
1096 2026-04-06+04:50:05.9950953620 /root/lumina
-clean-v6/node_modules/.pnpm/typescript@5.7.2/no
de_modules/typescript/node_modules/.bin/tsc
1106 2026-04-06+04:50:05.9950953620 /root/lumina
-clean-v6/node_modules/.pnpm/typescript@5.7.2/no
de_modules/typescript/node_modules/.bin/tsserver
1262 2026-04-06+04:50:06.2590953620 /root/lumina
-clean-v6/node_modules/.pnpm/@typescript-eslint+
eslint-plugin@8.58.0_@typescript-eslint+parser@8
.58.0_eslint@9.16.0__852fa8eb670319ec69c94019320
b1218/node_modules/@typescript-eslint/eslint-plu
gin/node_modules/.bin/eslint
1202 2026-04-06+04:50:06.2590953620 /root/lumina
-clean-v6/node_modules/.pnpm/@typescript-eslint+
eslint-plugin@8.58.0_@typescript-eslint+parser@8
.58.0_eslint@9.16.0__852fa8eb670319ec69c94019320
b1218/node_modules/@typescript-eslint/eslint-plu
gin/node_modules/.bin/tsc
1212 2026-04-06+04:50:06.2590953620 /root/lumina
-clean-v6/node_modules/.pnpm/@typescript-eslint+
eslint-plugin@8.58.0_@typescript-eslint+parser@8
.58.0_eslint@9.16.0__852fa8eb670319ec69c94019320
b1218/node_modules/@typescript-eslint/eslint-plu
gin/node_modules/.bin/tsserver
1262 2026-04-06+04:50:06.2590953620 /root/lumina
-clean-v6/node_modules/.pnpm/@typescript-eslint+
parser@8.58.0_eslint@9.16.0_jiti@1.21.7__typescr
ipt@5.7.2/node_modules/@typescript-eslint/parser
/node_modules/.bin/eslint
1202 2026-04-06+04:50:06.2590953620 /root/lumina
-clean-v6/node_modules/.pnpm/@typescript-eslint+
parser@8.58.0_eslint@9.16.0_jiti@1.21.7__typescr
ipt@5.7.2/node_modules/@typescript-eslint/parser
/node_modules/.bin/tsc
1212 2026-04-06+04:50:06.2590953620 /root/lumina
-clean-v6/node_modules/.pnpm/@typescript-eslint+
parser@8.58.0_eslint@9.16.0_jiti@1.21.7__typescr
ipt@5.7.2/node_modules/@typescript-eslint/parser
/node_modules/.bin/tsserver
1202 2026-04-06+04:50:06.2590953620 /root/lumina
-clean-v6/node_modules/.pnpm/@typescript-eslint+
project-service@8.58.0_typescript@5.7.2/node_mod
ules/@typescript-eslint/project-service/node_mod
ules/.bin/tsc
1212 2026-04-06+04:50:06.2590953620 /root/lumina
-clean-v6/node_modules/.pnpm/@typescript-eslint+
project-service@8.58.0_typescript@5.7.2/node_mod
ules/@typescript-eslint/project-service/node_mod
ules/.bin/tsserver
1202 2026-04-06+04:50:06.2590953620 /root/lumina
-clean-v6/node_modules/.pnpm/@typescript-eslint+
tsconfig-utils@8.58.0_typescript@5.7.2/node_modu
les/@typescript-eslint/tsconfig-utils/node_modul
es/.bin/tsc
1212 2026-04-06+04:50:06.2590953620 /root/lumina
-clean-v6/node_modules/.pnpm/@typescript-eslint+
tsconfig-utils@8.58.0_typescript@5.7.2/node_modu
les/@typescript-eslint/tsconfig-utils/node_modul
es/.bin/tsserver
1158 2026-04-06+04:50:06.2590953620 /root/lumina
-clean-v6/node_modules/.pnpm/@typescript-eslint+
typescript-estree@8.58.0_typescript@5.7.2/node_m
odules/@typescript-eslint/typescript-estree/node
_modules/.bin/semver
1202 2026-04-06+04:50:06.2590953620 /root/lumina
-clean-v6/node_modules/.pnpm/@typescript-eslint+
typescript-estree@8.58.0_typescript@5.7.2/node_m
odules/@typescript-eslint/typescript-estree/node
_modules/.bin/tsc
1212 2026-04-06+04:50:06.2590953620 /root/lumina
-clean-v6/node_modules/.pnpm/@typescript-eslint+
typescript-estree@8.58.0_typescript@5.7.2/node_m
odules/@typescript-eslint/typescript-estree/node
_modules/.bin/tsserver
1262 2026-04-06+04:50:06.2590953620 /root/lumina
-clean-v6/node_modules/.pnpm/@typescript-eslint+
type-utils@8.58.0_eslint@9.16.0_jiti@1.21.7__typ
escript@5.7.2/node_modules/@typescript-eslint/ty
pe-utils/node_modules/.bin/eslint
1202 2026-04-06+04:50:06.2590953620 /root/lumina
-clean-v6/node_modules/.pnpm/@typescript-eslint+
type-utils@8.58.0_eslint@9.16.0_jiti@1.21.7__typ
escript@5.7.2/node_modules/@typescript-eslint/ty
pe-utils/node_modules/.bin/tsc
1212 2026-04-06+04:50:06.2590953620 /root/lumina
-clean-v6/node_modules/.pnpm/@typescript-eslint+
type-utils@8.58.0_eslint@9.16.0_jiti@1.21.7__typ
escript@5.7.2/node_modules/@typescript-eslint/ty
pe-utils/node_modules/.bin/tsserver
1262 2026-04-06+04:50:06.2590953620 /root/lumina
-clean-v6/node_modules/.pnpm/@typescript-eslint+
utils@8.58.0_eslint@9.16.0_jiti@1.21.7__typescri
pt@5.7.2/node_modules/@typescript-eslint/utils/n
ode_modules/.bin/eslint
1202 2026-04-06+04:50:06.2590953620 /root/lumina
-clean-v6/node_modules/.pnpm/@typescript-eslint+
utils@8.58.0_eslint@9.16.0_jiti@1.21.7__typescri
pt@5.7.2/node_modules/@typescript-eslint/utils/n
ode_modules/.bin/tsc
1212 2026-04-06+04:50:06.2590953620 /root/lumina
-clean-v6/node_modules/.pnpm/@typescript-eslint+
utils@8.58.0_eslint@9.16.0_jiti@1.21.7__typescri
pt@5.7.2/node_modules/@typescript-eslint/utils/n
ode_modules/.bin/tsserver
51 2026-04-06+04:48:45.9310953930 /root/lumina-c
lean-v6/node_modules/.pnpm/unrs-resolver@1.11.1/
node_modules/unrs-resolver/browser.js
8890 2026-04-06+04:48:45.9830953930 /root/lumina
-clean-v6/node_modules/.pnpm/unrs-resolver@1.11.
1/node_modules/unrs-resolver/index.d.ts
9981 2026-04-06+04:48:45.9430953930 /root/lumina
-clean-v6/node_modules/.pnpm/unrs-resolver@1.11.
1/node_modules/unrs-resolver/index.js
1202 2026-04-06+05:00:38.0830951210 /root/lumina
-clean-v6/node_modules/.pnpm/unrs-resolver@1.11.
1/node_modules/unrs-resolver/node_modules/.bin/n
api-postinstall
2674 2026-04-06+04:48:45.9550953930 /root/lumina
-clean-v6/node_modules/.pnpm/unrs-resolver@1.11.
1/node_modules/unrs-resolver/package.json
24233 2026-04-06+04:48:45.9710953930 /root/lumin
a-clean-v6/node_modules/.pnpm/unrs-resolver@1.11
.1/node_modules/unrs-resolver/README.md
1022 2026-04-06+04:50:06.0830953620 /root/lumina
-clean-v6/node_modules/.pnpm/update-browserslist
-db@1.2.3_browserslist@4.28.2/node_modules/updat
e-browserslist-db/node_modules/.bin/browserslist
1048 2026-04-06+04:50:06.0830953620 /root/lumina
-clean-v6/node_modules/.pnpm/update-browserslist
-db@1.2.3_browserslist@4.28.2/node_modules/updat
e-browserslist-db/node_modules/.bin/update-brows
erslist-db
1242 2026-04-06+04:50:06.3710953620 /root/lumina
-clean-v6/node_modules/.pnpm/uuid@10.0.0/node_mo
dules/uuid/node_modules/.bin/uuid
1234 2026-04-06+04:50:06.3670953620 /root/lumina
-clean-v6/node_modules/.pnpm/uuid@9.0.1/node_mod
ules/uuid/node_modules/.bin/uuid
1060 2026-04-06+04:50:06.0830953620 /root/lumina
-clean-v6/node_modules/.pnpm/which@2.0.2/node_mo
dules/which/node_modules/.bin/node-which
607 2026-04-07+14:51:29.0955874860 /root/lumina-
clean-v6/node_modules/.pnpm-workspace-state-v1.j
son
862 2026-04-06+04:50:05.9950953620 /root/lumina-
clean-v6/node_modules/.pnpm/yaml@2.8.3/node_modu
les/yaml/node_modules/.bin/yaml
58 2026-04-07+23:34:15.1352868180 /root/lumina-c
lean-v6/.npmrc
2043 2026-04-07+23:05:24.3712874780 /root/lumina
-clean-v6/package.json
252721 2026-04-07+14:51:28.5475874860 /root/lumi
na-clean-v6/pnpm-lock.yaml
156 2026-04-06+03:17:29.4398350950 /root/lumina-
clean-v6/postcss.config.mjs
7687 2026-04-07+12:20:26.0363359850 /root/lumina
-clean-v6/README.md
588 2026-04-06+03:28:36.3518348410 /root/lumina-
clean-v6/scripts/deploy-v6.sh
1858 2026-04-07+14:00:07.7623006450 /root/lumina
-clean-v6/supabase/schema.sql
2586 2026-04-06+09:59:00.5440410650 /root/lumina
-clean-v6/tailwind.config.ts
592 2026-04-06+03:17:12.1798351020 /root/lumina-
clean-v6/tsconfig.json
2759662 2026-04-07+23:37:59.6472867320 /root/lum
ina-clean-v6/tsconfig.tsbuildinfo
1213 2026-04-07+23:33:23.4152868370 /root/lumina
-clean-v6/.vercel/.env.development.local
140 2026-04-07+23:34:11.3312868190 /root/lumina-
clean-v6/vercel.json
120 2026-04-07+23:50:56.9192864360 /root/lumina-
clean-v6/.vercel/project.json
520 2026-04-07+23:50:56.9272864360 /root/lumina-
clean-v6/.vercel/README.txt
Error: (none)
Exit Code: 0
Signal: 0
Process Group PGID: 16015